"","Name","Slug","Position","Team"
"1","A.J. Achter","mlb-adam-achter","Reliever","laa"
"2","Al Alburquerque","mlb-al-alburquerque","Reliever","laa"
"3","Victor Alcantara","mlb-victor-alcantara","Reliever","laa"
"4","Jose Alvarez","mlb-jose-alvarez","Reliever","laa"
"5","Orangel Arenas","mlb-orangel-arenas","Starter","laa"
"6","Cam Bedrosian","mlb-cam-bedrosian","Reliever","laa"
"7","Jhoulys Chacin","mlb-jhoulys-chacin","Starter","laa"
"8","Nate Fury","mlb-nate-fury","Starter","laa"
"9","Deolis Guerra","mlb-deolis-guerra","Reliever","laa"
"10","Andrew Heaney","mlb-andrew-heaney","Starter","laa"
"11","Jason Isringhausen","mlb-jason-isringhausen","Reliever","laa"
"12","Tim Lincecum","mlb-tim-lincecum","Starter","laa"
"13","Greg Mahle","mlb-greg-mahle","Reliever","laa"
"14","Yuneski Maya","mlb-yuneski-maya","Starter","laa"
"15","Zak Miller","mlb-zak-miller","Starter","laa"
"16","Mike Morin","mlb-mike-morin","Reliever","laa"
"17","Luis Pena","mlb-luis-pena","Starter","laa"
"18","J.C. Ramirez","mlb-j-c-ramirez","Reliever","laa"
"19","Cory Rasmus","mlb-cory-rasmus","Starter","laa"
"20","Garrett Richards","mlb-garrett-richards","Starter","laa"
"21","Fernando Salas","mlb-fernando-salas","Reliever","laa"
"22","Alex Sanabia","mlb-alex-sanabia","Starter","laa"
"23","Hector Santiago","mlb-hector-santiago","Starter","laa"
"24","Matt Shoemaker","mlb-matt-shoemaker","Starter","laa"
"25","Tyler Skaggs","mlb-tyler-skaggs","Starter","laa"
"26","Joe Smith","mlb-joe-smith","Reliever","laa"
"27","Nate Smith","mlb-nate-smith","Starter","laa"
"28","Huston Street","mlb-huston-street","Reliever","laa"
"29","Andrew Taylor","mlb-andrew-taylor","Reliever","laa"
"30","Nick Tropeano","mlb-nicholas-tropeano","Starter","laa"
"31","Jose Valdez","mlb-jose-valdez","Reliever","laa"
"32","Jered Weaver","mlb-jered-weaver","Starter","laa"
"33","Christopher Wilson","mlb-c-j-wilson","Starter","laa"
"110","Jayson Aquino","mlb-jayson-aquino","Starter","bal"
"210","Timothy Bascom","mlb-timothy-bascom","Starter","bal"
"310","Brad Brach","mlb-brad-brach","Reliever","bal"
"410","Parker Bridwell","mlb-parker-bridwell","Reliever","bal"
"53","Zach Britton","mlb-zach-britton","Reliever","bal"
"61","Dylan Bundy","mlb-dylan-bundy","Reliever","bal"
"71","Robert Bundy","mlb-robert-bundy","Starter","bal"
"81","Zachary Clark","mlb-zachary-clark","Starter","bal"
"91","Odrisamer Despaigne","mlb-odrisamer-despaigne","Reliever","bal"
"101","Manuel Dominguez","mlb-manuel-dominguez","Starter","bal"
"111","Oliver Drake","mlb-oliver-drake","Reliever","bal"
"121","Brian Duensing","mlb-brian-duensing","Reliever","bal"
"131","Yovani Gallardo","mlb-yovani-gallardo","Starter","bal"
"141","Jason Garcia","mlb-jason-garcia","Reliever","bal"
"151","Kevin Gausman","mlb-kevin-gausman","Starter","bal"
"161","Mychal Givens","mlb-mychal-givens","Reliever","bal"
"171","Jose Guzman","mlb-jose-guzman","Starter","bal"
"181","Hunter Harvey","mlb-hunter-harvey","Starter","bal"
"191","Mitch Horacek","mlb-mitch-horacek","Starter","bal"
"201","Ubaldo Jimenez","mlb-ubaldo-jimenez","Starter","bal"
"211","Chris Lee","mlb-christopher-lee","Reliever","bal"
"221","T.J. McFarland","mlb-t-j-mcfarland","Reliever","bal"
"231","Jarrett Miller","mlb-jarrett-miller","Starter","bal"
"241","Ariel Miranda","mlb-ariel-miranda","Reliever","bal"
"251","Kenny Moreland","mlb-kenny-moreland","Starter","bal"
"261","Jamie Moyer","mlb-jamie-moyer","Starter","bal"
"271","Zach Muckenhirn","mlb-zach-muckenhirn","Starter","bal"
"281","Darren O'Day","mlb-darren-o-day","Reliever","bal"
"291","Andy Oliver","mlb-andy-oliver","Starter","bal"
"301","Stuart Pomeranz","mlb-stuart-pomeranz","Reliever","bal"
"311","Daniel Rodriguez","mlb-daniel-rodriguez","Starter","bal"
"321","Chaz Roe","mlb-chaz-roe","Reliever","bal"
"331","Chris Tillman","mlb-chris-tillman","Starter","bal"
"34","Ashur Tolliver","mlb-ashur-tolliver","Reliever","bal"
"35","Elih Villanueva","mlb-elih-villanueva","Starter","bal"
"36","Tyler Wilson","mlb-tyler-wilson","Starter","bal"
"37","Vance Worley","mlb-vance-worley","Reliever","bal"
"38","Mike Wright","mlb-mike-wright","Starter","bal"
"112","Matt Barnes","mlb-matt-barnes","Reliever","bos"
"212","Clay Buchholz","mlb-clay-buchholz","Starter","bos"
"312","Jamie Callahan","mlb-jamie-callahan","Starter","bos"
"411","William Cuevas","mlb-william-cuevas","Reliever","bos"
"54","Ryan Dempster","mlb-ryan-dempster","Reliever","bos"
"62","Jake Drehoff","mlb-jake-drehoff","Starter","bos"
"72","J.D. Durbin","mlb-j-d-durbin","Starter","bos"
"82","Roenis Elias","mlb-roenis-elias","Starter","bos"
"92","Graham Godfrey","mlb-graham-godfrey","Starter","bos"
"102","Justin Haley","mlb-justin-haley","Starter","bos"
"113","Heath Hembree","mlb-heath-hembree","Reliever","bos"
"122","Williams Jerez","mlb-williams-jerez","Reliever","bos"
"132","Brian Johnson","mlb-brian-johnson","Starter","bos"
"142","Joe Kelly","mlb-joe-kelly","Starter","bos"
"152","Craig Kimbrel","mlb-craig-kimbrel","Reliever","bos"
"162","William Latimer","mlb-william-latimer","Starter","bos"
"172","Tommy Layne","mlb-tom-layne","Reliever","bos"
"182","Pat Light","mlb-pat-light","Reliever","bos"
"192","Roman Mendez","mlb-roman-mendez","Starter","bos"
"202","Sean O'Sullivan","mlb-sean-o-sullivan","Reliever","bos"
"213","Henry Owens","mlb-henry-owens","Starter","bos"
"222","Vicente Padilla","mlb-vicente-padilla","Reliever","bos"
"232","Drew Pomeranz","mlb-drew-pomeranz","Starter","bos"
"242","Rick Porcello","mlb-rick-porcello","Starter","bos"
"252","David Price","mlb-david-price","Starter","bos"
"262","Noe Ramirez","mlb-noe-ramirez","Reliever","bos"
"272","Eduardo Rodriguez","mlb-eduardo-rodriguez","Starter","bos"
"282","Robbie Ross Jr.","mlb-robbie-ross","Reliever","bos"
"292","Chandler Shepherd","mlb-chandler-shepherd","Starter","bos"
"302","Carson Smith","mlb-carson-smith","Reliever","bos"
"313","Junichi Tazawa","mlb-junichi-tazawa","Reliever","bos"
"322","Koji Uehara","mlb-koji-uehara","Reliever","bos"
"332","Brandon Workman","mlb-brandon-workman","Starter","bos"
"341","Rob Wort","mlb-rob-wort","Starter","bos"
"351","Steven Wright","mlb-steven-wright","Starter","bos"
"361","Brad Ziegler","mlb-brad-ziegler","Reliever","bos"
"114","Matt Albers","mlb-matt-albers","Reliever","chw"
"214","Phillippe Aumont","mlb-phillippe-aumont","Starter","chw"
"314","Chris Beck","mlb-chris-beck","Starter","chw"
"412","Evan Bell","mlb-evan-bell","Starter","chw"
"55","Brandon Brennan","mlb-brandon-brennan","Reliever","chw"
"63","Tony Bucciferro","mlb-tony-bucciferro","Starter","chw"
"73","Ryan Buch","mlb-ryan-buch","Starter","chw"
"83","Scott Carroll","mlb-scott-carroll","Reliever","chw"
"93","Tyler Danish","mlb-tyler-danish","Starter","chw"
"103","John Danks","mlb-john-danks","Starter","chw"
"115","Greggory Downing","mlb-greggory-downing","Starter","chw"
"123","Zach Duke","mlb-zach-duke","Reliever","chw"
"133","Carson Fulmer","mlb-carson-fulmer","Starter","chw"
"143","Miguel Gonzalez","miguel-gonzalez","Starter","chw"
"153","Jordan Guerrero","mlb-jordan-guerrero","Starter","chw"
"163","Kyle Hansen","mlb-kyle-hansen","Starter","chw"
"173","Dan Jennings","mlb-dan-jennings","Reliever","chw"
"183","Nate Jones","mlb-nate-jones","Reliever","chw"
"193","Tommy Kahnle","mlb-tommy-kahnle","Reliever","chw"
"203","Colin Kleven","mlb-colin-kleven","Starter","chw"
"215","Will Lamb","mlb-will-lamb","Starter","chw"
"223","Mat Latos","mlb-mat-latos","Starter","chw"
"233","Charles Leesman","mlb-charles-leesman","Starter","chw"
"243","Robinson Leyer","mlb-robinson-leyer","Starter","chw"
"253","Matt Lollis","mlb-matt-lollis","Starter","chw"
"263","J.D. Martin","mlb-j-d-martin","Starter","chw"
"273","Manny Martinez","mlb-manny-martinez","Starter","chw"
"283","Aron McRee","mlb-aron-mcree","Starter","chw"
"293","Juan Minaya","mlb-juan-minaya","Reliever","chw"
"303","Jacob Petricka","mlb-jacob-petricka","Reliever","chw"
"315","Omar Poveda","mlb-omar-poveda","Starter","chw"
"323","Matt Purke","mlb-matt-purke","Reliever","chw"
"333","Zach Putnam","mlb-zach-putnam","Reliever","chw"
"342","Jose Quintana","mlb-jose-quintana","Starter","chw"
"352","Jordis Ramos","mlb-jordis-ramos","Starter","chw"
"362","Anthony Ranaudo","mlb-anthony-ranaudo","Reliever","chw"
"371","Michael Recchia","mlb-michael-recchia","Starter","chw"
"381","David Robertson","mlb-david-robertson","Reliever","chw"
"39","Carlos Rodon","mlb-carlos-rodon","Starter","chw"
"40","Chris Sale","mlb-chris-sale","Starter","chw"
"41","James Shields","mlb-james-shields","Starter","chw"
"42","Peter Tago","mlb-peter-tago","Starter","chw"
"43","Jacob Turner","mlb-jacob-turner","Starter","chw"
"44","Robert Webb","mlb-daniel-webb","Reliever","chw"
"45","Michael Ynoa","mlb-michael-ynoa","Starter","chw"
"116","Austin Adams","mlb-austin-adams","Reliever","cle"
"216","Cody Allen","mlb-cody-allen","Reliever","cle"
"316","Cody Anderson","mlb-cody-anderson","Starter","cle"
"413","Shawn Armstrong","mlb-shawn-armstrong","Reliever","cle"
"56","Dylan Baker","mlb-dylan-baker","Reliever","cle"
"64","Trevor Bauer","mlb-trevor-bauer","Starter","cle"
"74","Carlos Carrasco","mlb-carlos-carrasco","Starter","cle"
"84","Bruce Chen","mlb-bruce-chen","Starter","cle"
"94","Mike Clevinger","mlb-michael-clevinger","Starter","cle"
"104","Kyle Crockett","mlb-kyle-crockett","Reliever","cle"
"117","Dominic DeMasi","mlb-dominic-demasi","Starter","cle"
"124","Nick Hagadone","mlb-nick-hagadone","Reliever","cle"
"134","T.J. House","mlb-t-j-house","Starter","cle"
"144","Tommy Hunter","mlb-tommy-hunter","Reliever","cle"
"154","Corey Kluber","mlb-corey-kluber","Starter","cle"
"164","Kyle Landis","mlb-kyle-landis","Starter","cle"
"174","C.C. Lee","mlb-c-c-lee","Reliever","cle"
"184","Jeff Manship","mlb-jeff-manship","Reliever","cle"
"194","Shaun Marcum","mlb-shaun-marcum","Starter","cle"
"204","Zach McAllister","mlb-zach-mcallister","Reliever","cle"
"217","Ryan Merritt","mlb-ryan-merritt","Starter","cle"
"224","Shawn Morimando","mlb-shawn-morimando","Reliever","cle"
"234","Brett Myers","mlb-brett-myers","Starter","cle"
"244","Dan Otero","mlb-dan-otero","Reliever","cle"
"254","Danny Salazar","mlb-danny-salazar","Starter","cle"
"264","Bryan Shaw","mlb-bryan-shaw","Reliever","cle"
"274","Josh Tomlin","mlb-josh-tomlin","Starter","cle"
"118","Tyler Alexander","mlb-tyler-alexander","Starter","det"
"218","Bryan Augenstein","mlb-bryan-augenstein","Starter","det"
"317","Matt Boyd","mlb-matt-boyd","Starter","det"
"414","Thomas Collier","mlb-thomas-collier","Starter","det"
"57","Tommy Collier","mlb-tommy-collier","Starter","det"
"65","Patrick Cooper","mlb-patrick-cooper","Starter","det"
"75","Octavio Dotel","mlb-octavio-dotel","Reliever","det"
"85","Buck Farmer","mlb-buck-farmer","Reliever","det"
"95","Jeff Ferrell","mlb-jeff-ferrell","Reliever","det"
"105","Michael Fulmer","mlb-michael-fulmer","Starter","det"
"119","Shane Greene","mlb-shane-greene","Reliever","det"
"125","Blaine Hardy","mlb-blaine-hardy","Reliever","det"
"135","Josh Heddinger","mlb-josh-heddinger","Starter","det"
"145","Jordan John","mlb-jordan-john","Starter","det"
"155","Jairo Labourt","mlb-jairo-labourt","Reliever","det"
"165","Adam Ladwig","mlb-adam-ladwig","Starter","det"
"175","Mark Lowe","mlb-mark-lowe","Reliever","det"
"185","Jonathan Maciel","mlb-jonathan-maciel","Starter","det"
"195","Dustin Molleken","mlb-dustin-molleken","Reliever","det"
"205","Angel Nesbitt","mlb-angel-nesbitt","Reliever","det"
"219","Daniel Norris","mlb-daniel-norris","Starter","det"
"225","Wilsen Palacios","mlb-wilsen-palacios","Starter","det"
"235","Bobby Parnell","mlb-bobby-parnell","Reliever","det"
"245","Mike Pelfrey","mlb-mike-pelfrey","Starter","det"
"255","Francisco Rodriguez","mlb-francisco-rodriguez","Reliever","det"
"265","Bruce Rondon","mlb-bruce-rondon","Reliever","det"
"275","Kyle Ryan","mlb-kyle-ryan","Reliever","det"
"284","Anibal Sanchez","mlb-anibal-sanchez","Starter","det"
"294","Warwick Saupold","mlb-warwick-saupold","Reliever","det"
"304","Kurt Spomer","mlb-kurt-spomer","Starter","det"
"318","Brian Stroud","mlb-brian-stroud","Starter","det"
"324","Drew VerHagen","mlb-drew-verhagen","Reliever","det"
"334","Justin Verlander","mlb-justin-verlander","Starter","det"
"343","Justin Wilson","mlb-justin-wilson","Reliever","det"
"353","Alex Wilson","mlb-alex-wilson","Reliever","det"
"363","Jordan Zimmermann","mlb-jordan-zimmermann","Starter","det"
"120","Akeem Bostick","mlb-akeem-bostick","Starter","hou"
"220","Kevin Chapman","mlb-kevin-chapman","Reliever","hou"
"319","Chris Devenski","mlb-chris-devenski","Reliever","hou"
"415","Bobby Doran","mlb-bobby-doran","Starter","hou"
"58","Scott Feldman","mlb-scott-feldman","Reliever","hou"
"66","Michael Feliz","mlb-michael-feliz","Reliever","hou"
"76","Josh Fields","mlb-josh-fields","Reliever","hou"
"86","Mike Fiers","mlb-mike-fiers","Starter","hou"
"96","Doug Fister","mlb-doug-fister","Starter","hou"
"106","Ken Giles","mlb-ken-giles","Reliever","hou"
"1110","Manuel Gonzalez","mlb-manuel-gonzalez","Starter","hou"
"126","Luke Gregerson","mlb-luke-gregerson","Reliever","hou"
"136","Jandel Gustave","mlb-jandel-gustave","Reliever","hou"
"146","Will Harris","mlb-will-harris","Reliever","hou"
"156","Dallas Keuchel","mlb-dallas-keuchel","Starter","hou"
"166","Lance McCullers","mlb-lance-mccullers","Starter","hou"
"176","Collin McHugh","mlb-collin-mchugh","Starter","hou"
"186","Joe Musgrove","mlb-joe-musgrove","Reliever","hou"
"196","Wes Musick","mlb-wes-musick","Starter","hou"
"206","Pat Neshek","mlb-pat-neshek","Reliever","hou"
"2110","David Paulino","mlb-david-paulino","Reliever","hou"
"226","Brad Peacock","mlb-brad-peacock","Starter","hou"
"236","Dan Reynolds","mlb-dan-reynolds","Starter","hou"
"246","Brady Rodgers","mlb-brady-rodgers","Starter","hou"
"256","Wandy Rodriguez","mlb-wandy-rodriguez","Starter","hou"
"266","Ross Seaton","mlb-ross-seaton","Starter","hou"
"276","Tony Sipp","mlb-tony-sipp","Reliever","hou"
"285","Alejandro Solarte","mlb-alejandro-solarte","Starter","hou"
"295","Andrew Thome","mlb-andrew-thome","Starter","hou"
"305","Aaron Vaughn","mlb-aaron-vaughn","Starter","hou"
"3110","Alex White","mlb-alex-white","Starter","hou"
"127","Scott Alexander","mlb-scott-alexander","Reliever","kc"
"227","Miguel Almonte","mlb-miguel-almonte","Reliever","kc"
"320","Noel Arguelles","mlb-noel-arguelles","Reliever","kc"
"416","Christian Binford","mlb-christian-binford","Starter","kc"
"59","Timothy Collins","mlb-tim-collins","Reliever","kc"
"67","Antonio Cruz","mlb-antonio-cruz","Starter","kc"
"77","Wade Davis","mlb-wade-davis","Reliever","kc"
"87","Danny Duffy","mlb-danny-duffy","Starter","kc"
"97","Luke Farrell","mlb-luke-farrell","Starter","kc"
"107","Brian Flynn","mlb-brian-flynn","Reliever","kc"
"1111","Dillon Gee","mlb-dillon-gee","Starter","kc"
"128","Ashton Goudeau","mlb-ashton-goudeau","Starter","kc"
"137","Kelvin Herrera","mlb-kelvin-herrera","Reliever","kc"
"147","Luke Hochevar","mlb-luke-hochevar","Reliever","kc"
"157","Ian Kennedy","mlb-ian-kennedy","Starter","kc"
"167","John Lannan","mlb-john-lannan","Starter","kc"
"177","Kris Medlen","mlb-kris-medlen","Starter","kc"
"187","Luis Mendoza","mlb-luis-mendoza","Reliever","kc"
"197","Alec Mills","mlb-alec-mills","Reliever","kc"
"207","Michael Minor","mlb-mike-minor","Starter","kc"
"2111","Peter Moylan","mlb-peter-moylan","Reliever","kc"
"228","Aroni Nina","mlb-aroni-nina","Starter","kc"
"237","Yohan Pino","mlb-yohan-pino","Starter","kc"
"247","Brooks Pounders","mlb-brooks-pounders","Reliever","kc"
"257","Joakim Soria","mlb-joakim-soria","Reliever","kc"
"267","Matthew Strahm","mlb-matthew-strahm","Reliever","kc"
"277","Nick Tepesch","mlb-nick-tepesch","Starter","kc"
"286","Jason Vargas","mlb-jason-vargas","Starter","kc"
"296","Yordano Ventura","mlb-yordano-ventura","Starter","kc"
"306","Edinson Volquez","mlb-edinson-volquez","Starter","kc"
"3111","Chien-Ming Wang","mlb-chien-ming-wang","Reliever","kc"
"325","Chris Young","chris-young","Starter","kc"
"335","Kyle Zimmer","mlb-kyle-zimmer","Starter","kc"
"129","Fernando Abad","mlb-fernando-abad","Reliever","min"
"229","Jason Adam","mlb-jason-adam","Starter","min"
"326","Brady Anderson","mlb-brady-anderson","Starter","min"
"417","Jose Berrios","mlb-jose-berrios","Starter","min"
"510","Nick Blackburn","mlb-nick-blackburn","Starter","min"
"68","Buddy Boshers","mlb-buddy-boshers","Reliever","min"
"78","J.T. Chargois","mlb-j-t-chargois","Starter","min"
"88","Pat Dean","mlb-pat-dean","Starter","min"
"98","Cole De Vries","mlb-cole-de-vries","Reliever","min"
"108","Tyler Duffey","mlb-tyler-duffey","Starter","min"
"1112","Kyle Gibson","mlb-kyle-gibson","Starter","min"
"1210","Rich Harden","mlb-rich-harden","Starter","min"
"138","Philip Hughes","mlb-phil-hughes","Reliever","min"
"148","Kris Johnson","mlb-kris-johnson","Starter","min"
"158","Brandon Kintzler","mlb-brandon-kintzler","Reliever","min"
"168","Yorman Landa","mlb-yorman-landa","Starter","min"
"178","Shairon Martis","mlb-shairon-martis","Reliever","min"
"188","Trevor May","mlb-trevor-may","Reliever","min"
"198","Mason Melotakis","mlb-mason-melotakis","Starter","min"
"208","Alex Meyer","mlb-alex-meyer","Starter","min"
"2112","Tommy Milone","mlb-tommy-milone","Starter","min"
"2210","Ricky Nolasco","mlb-ricky-nolasco","Starter","min"
"238","Carl Pavano","mlb-carl-pavano","Starter","min"
"248","Glen Perkins","mlb-glen-perkins","Reliever","min"
"258","Ryan Pressly","mlb-ryan-pressly","Reliever","min"
"268","Neil Ramirez","mlb-neil-ramirez","Reliever","min"
"278","Taylor Rogers","mlb-taylor-rogers","Reliever","min"
"287","Randy Rosario","mlb-randy-rosario","Starter","min"
"297","Ervin Santana","mlb-ervin-santana","Starter","min"
"307","Miguel Sulbaran","mlb-miguel-sulbaran","Starter","min"
"3112","Michael Tonkin","mlb-michael-tonkin","Reliever","min"
"327","Esmerling Vasquez","mlb-esmerling-vasquez","Starter","min"
"336","Marcus Walden","mlb-marcus-walden","Starter","min"
"130","Jonathan Albaladejo","mlb-jonathan-albaladejo","Reliever","nyy"
"230","Johnny Barbato","mlb-john-barbato","Reliever","nyy"
"328","Dellin Betances","mlb-dellin-betances","Reliever","nyy"
"418","Richard Bleier","mlb-richard-bleier","Reliever","nyy"
"511","Andrew Brackman","mlb-andrew-brackman","Reliever","nyy"
"69","Brian Bruney","mlb-brian-bruney","Reliever","nyy"
"79","Vicente Campos","mlb-jose-campos","Reliever","nyy"
"89","Luis Cessa","mlb-luis-cessa","Reliever","nyy"
"99","Nathan Eovaldi","mlb-nathan-eovaldi","Starter","nyy"
"109","Steve Garrison","mlb-steve-garrison","Reliever","nyy"
"1113","Domingo German","mlb-domingo-german","Starter","nyy"
"1211","Nick Goody","mlb-nick-goody","Reliever","nyy"
"139","J.R. Graham","mlb-j-r-graham","Reliever","nyy"
"149","Chad Green","mlb-chad-green","Reliever","nyy"
"159","Kyle Halbohn","mlb-kyle-halbohn","Starter","nyy"
"169","Kyle Haynes","mlb-kyle-haynes","Starter","nyy"
"179","Travis Hissong","mlb-travis-hissong","Starter","nyy"
"189","Chase Hodson","mlb-chase-hodson","Starter","nyy"
"199","Jonathan Holder","mlb-jonathan-holder","Starter","nyy"
"209","Timothy Holmes","mlb-timothy-holmes","Starter","nyy"
"2113","Alan Horne","mlb-alan-horne","Starter","nyy"
"2211","Steven Jackson","mlb-steven-jackson","Starter","nyy"
"239","James Kaprielian","mlb-james-kaprielian","Starter","nyy"
"249","Hiroki Kuroda","mlb-hiroki-kuroda","Starter","nyy"
"259","Brady Lail","mlb-brady-lail","Starter","nyy"
"269","Jacob Lindgren","mlb-jacob-lindgren","Starter","nyy"
"279","Damaso Marte","mlb-damaso-marte","Reliever","nyy"
"288","Andrew Miller","mlb-andrew-miller","Reliever","nyy"
"298","Bryan Mitchell","mlb-bryan-mitchell","Reliever","nyy"
"308","Sergio Mitre","mlb-sergio-mitre","Reliever","nyy"
"3113","Dustin Moseley","mlb-dustin-moseley","Reliever","nyy"
"329","Conor Mullee","mlb-conor-mullee","Reliever","nyy"
"337","Ivan Nova","mlb-ivan-nova","Starter","nyy"
"344","James Pazos","mlb-james-pazos","Reliever","nyy"
"354","Andy Pettitte","mlb-andy-pettitte","Starter","nyy"
"364","Branden Pinder","mlb-branden-pinder","Reliever","nyy"
"372","Michael Pineda","mlb-michael-pineda","Starter","nyy"
"382","Edwar Ramirez","mlb-edwar-ramirez","Reliever","nyy"
"391","Royce Ring","mlb-royce-ring","Reliever","nyy"
"401","Mariano Rivera","mlb-mariano-rivera","Reliever","nyy"
"419","Nick Rumbelow","mlb-nick-rumbelow","Reliever","nyy"
"421","CC Sabathia","mlb-cc-sabathia","Starter","nyy"
"431","Luis Severino","mlb-luis-severino","Starter","nyy"
"441","Chasen Shreve","mlb-chasen-shreve","Reliever","nyy"
"451","Anthony Swarzak","mlb-anthony-swarzak","Reliever","nyy"
"46","Masahiro Tanaka","mlb-masahiro-tanaka","Starter","nyy"
"47","Josh Towers","mlb-josh-towers","Reliever","nyy"
"48","Javier Vazquez","mlb-javier-vazquez","Starter","nyy"
"49","Adam Warren","mlb-adam-warren","Reliever","nyy"
"50","Tyler Webb","mlb-tyler-webb","Starter","nyy"
"51","Kerry Wood","mlb-kerry-wood","Reliever","nyy"
"52","Kirby Yates","mlb-kirby-yates","Reliever","nyy"
"140","Raul Alcantara","mlb-raul-alcantara","Reliever","oak"
"240","Henderson Alvarez","mlb-henderson-alvarez","Starter","oak"
"330","Andres Avila","mlb-andres-avila","Starter","oak"
"420","John Axford","mlb-john-axford","Reliever","oak"
"512","Christopher Bassitt","mlb-chris-bassitt","Starter","oak"
"610","Daniel Coulombe","mlb-daniel-coulombe","Reliever","oak"
"710","Sean Doolittle","mlb-sean-doolittle","Reliever","oak"
"810","Felix Doubront","mlb-felix-doubront","Starter","oak"
"910","Ryan Dull","mlb-ryan-dull","Reliever","oak"
"1010","Kendall Graveman","mlb-kendall-graveman","Starter","oak"
"1114","Sonny Gray","mlb-sonny-gray","Starter","oak"
"1212","Jesse Hahn","mlb-jesse-hahn","Starter","oak"
"1310","Liam Hendriks","mlb-liam-hendriks","Reliever","oak"
"1410","Rich Hill","mlb-rich-hill","Starter","oak"
"1510","Chris Jensen","mlb-chris-jensen","Starter","oak"
"1610","Ryan Madson","mlb-ryan-madson","Reliever","oak"
"1710","Sean Manaea","mlb-sean-manaea","Starter","oak"
"1810","Casey Meisner","mlb-casey-meisner","Starter","oak"
"1910","Daniel Mengden","mlb-daniel-mengden","Starter","oak"
"2010","Sean Murphy","mlb-sean-murphy","Starter","oak"
"2114","Zach Neal","mlb-zach-neal","Reliever","oak"
"2212","Dillon Overton","mlb-dillon-overton","Reliever","oak"
"2310","Rudy Owens","mlb-rudy-owens","Starter","oak"
"2410","Jarrod Parker","mlb-jarrod-parker","Starter","oak"
"2510","Fernando Rodriguez","mlb-fernando-rodriguez","Reliever","oak"
"2610","Marc Rzepczynski","mlb-marc-rzepczynski","Reliever","oak"
"2710","Patrick Schuster","mlb-patrick-schuster","Reliever","oak"
"289","Eric Surkamp","mlb-eric-surkamp","Starter","oak"
"299","Andrew Triggs","mlb-andrew-triggs","Reliever","oak"
"309","J.B. Wendelken","mlb-jeffrey-wendelken","Reliever","oak"
"3114","Andrew Werner","mlb-andrew-werner","Starter","oak"
"3210","Barry Zito","mlb-barry-zito","Starter","oak"
"150","Jonathan Aro","mlb-jonathan-aro","Reliever","sea"
"250","Joaquin Benoit","mlb-joaquin-benoit","Reliever","sea"
"338","Andrew Carraway","mlb-andrew-carraway","Starter","sea"
"422","Steve Cishek","mlb-steve-cishek","Reliever","sea"
"513","Ramire Cleto","mlb-ramire-cleto","Starter","sea"
"611","Ryan Cook","mlb-ryan-cook","Reliever","sea"
"711","Edwin Diaz","edwin-diaz","Reliever","sea"
"811","Anthony Fernandez","mlb-anthony-fernandez","Starter","sea"
"911","Charles Furbush","mlb-charlie-furbush","Reliever","sea"
"1011","Jon Garland","mlb-jon-garland","Starter","sea"
"1115","Sam Gaviglio","mlb-sam-gaviglio","Starter","sea"
"1213","Mayckol Guaipe","mlb-mayckol-guaipe","Reliever","sea"
"1311","Felix Hernandez","mlb-felix-hernandez","Starter","sea"
"1411","Hisashi Iwakuma","mlb-hisashi-iwakuma","Starter","sea"
"1511","Nate Karns","mlb-nathan-karns","Starter","sea"
"1611","Wade LeBlanc","mlb-wade-leblanc","Reliever","sea"
"1711","Zach Lee","mlb-zach-lee","Starter","sea"
"1811","Cody Martin","mlb-cody-martin","Reliever","sea"
"1911","Wade Miley","mlb-wade-miley","Starter","sea"
"2011","Brad Mills","mlb-brad-mills","Starter","sea"
"2115","Steven Moyers","mlb-steven-moyers","Starter","sea"
"2213","Vidal Nuno","mlb-vidal-nuno","Reliever","sea"
"2311","James Paxton","mlb-james-paxton","Starter","sea"
"2411","Jordan Pries","mlb-jordan-pries","Starter","sea"
"2511","Donn Roach","mlb-donn-roach","Reliever","sea"
"2611","David Rollins","mlb-david-rollins","Reliever","sea"
"2711","Adrian Sampson","mlb-adrian-sampson","Starter","sea"
"2810","Evan Scribner","mlb-evan-scribner","Reliever","sea"
"2910","Nick Vincent","mlb-nick-vincent","Reliever","sea"
"3010","Taijuan Walker","mlb-taijuan-walker","Starter","sea"
"3115","Tom Wilhelmsen","mlb-tom-wilhelmsen","Reliever","sea"
"3211","Anthony Zych","mlb-tony-zych","Reliever","sea"
"160","Matt Andriese","mlb-matt-andriese","Starter","tb"
"260","Chris Archer","mlb-chris-archer","Starter","tb"
"339","Steve Ascher","mlb-steve-ascher","Starter","tb"
"423","Brad Boxberger","mlb-brad-boxberger","Reliever","tb"
"514","Xavier Cedeno","mlb-xavier-cedeno","Reliever","tb"
"612","Alexander Cobb","mlb-alex-cobb","Starter","tb"
"712","Alex Colome","mlb-alex-colome","Reliever","tb"
"812","Dana Eveland","mlb-dana-eveland","Reliever","tb"
"912","Jacob Faria","mlb-jacob-faria","Reliever","tb"
"1012","Danny Farquhar","mlb-danny-farquhar","Reliever","tb"
"1116","Dylan Floro","mlb-dylan-floro","Reliever","tb"
"1214","Eddie Gamboa","mlb-eddie-gamboa","Starter","tb"
"1312","Ryan Garton","mlb-ryan-garton","Reliever","tb"
"1412","Grayson Garvin","mlb-grayson-garvin","Starter","tb"
"1512","Steve Geltz","mlb-steven-geltz","Reliever","tb"
"1612","Taylor Guerrieri","mlb-taylor-guerrieri","Reliever","tb"
"1712","Matt Moore","mlb-matt-moore","Starter","tb"
"1812","Jeff Niemann","mlb-jeff-niemann","Reliever","tb"
"1912","Michael O'Brien","mlb-michael-o-brien","Starter","tb"
"2012","Jake Odorizzi","mlb-jake-odorizzi","Starter","tb"
"2116","Jim Paduch","mlb-jim-paduch","Starter","tb"
"2214","Erasmo Ramirez","mlb-erasmo-ramirez","Reliever","tb"
"2312","Enny Romero","mlb-enny-romero","Reliever","tb"
"2412","Burch Smith","mlb-burch-smith","Starter","tb"
"2512","Drew Smyly","mlb-drew-smyly","Starter","tb"
"2612","Blake Snell","mlb-blake-snell","Starter","tb"
"2712","Tyler Sturdevant","mlb-tyler-sturdevant","Reliever","tb"
"2811","Chase Whitley","mlb-chase-whitley","Reliever","tb"
"170","Matt Ball","mlb-matt-ball","Starter","tex"
"270","Tony Barnette","mlb-tony-barnette","Reliever","tex"
"340","Garrett Brummett","mlb-garrett-brummett","Starter","tex"
"424","Cody Buckel","mlb-cody-buckel","Starter","tex"
"515","Matt Bush","mlb-matt-bush","Reliever","tex"
"613","Alex Claudio","mlb-alexander-claudio","Reliever","tex"
"713","Yu Darvish","mlb-yu-darvish","Starter","tex"
"813","Tyler Davis","mlb-tyler-davis","Starter","tex"
"913","Jake Diekman","mlb-jake-diekman","Reliever","tex"
"1013","Sam Dyson","mlb-sam-dyson","Reliever","tex"
"1117","Andrew Faulkner","mlb-andrew-faulkner","Reliever","tex"
"1215","Alfredo Figaro","mlb-alfredo-figaro","Reliever","tex"
"1313","Pedro Figueroa","mlb-pedro-figueroa","Reliever","tex"
"1413","Joe Filomeno","mlb-joe-filomeno","Starter","tex"
"1513","Chi Chi Gonzalez","mlb-chi-chi-gonzalez","Starter","tex"
"1613","A.J. Griffin","mlb-a-j-griffin","Starter","tex"
"1713","Cole Hamels","mlb-cole-hamels","Starter","tex"
"1813","Tommy Hanson","mlb-tommy-hanson","Starter","tex"
"1913","Derek Holland","mlb-derek-holland","Starter","tex"
"2013","Phillip Irwin","mlb-phillip-irwin","Starter","tex"
"2117","Luke Jackson","mlb-luke-jackson","Reliever","tex"
"2215","Keone Kela","mlb-keone-kela","Reliever","tex"
"2313","John Kukuruda","mlb-john-kukuruda","Starter","tex"
"2413","Jose Leclerc","mlb-jose-leclerc","Reliever","tex"
"2513","Ryan Ledbetter","mlb-ryan-ledbetter","Starter","tex"
"2613","Colby Lewis","mlb-colby-lewis","Starter","tex"
"2713","Kyle Lohse","mlb-kyle-lohse","Starter","tex"
"2812","Nick Martinez","mlb-nicholas-martinez","Starter","tex"
"2911","Yohander Mendez","mlb-yohander-mendez","Reliever","tex"
"3011","Miles Mikolas","mlb-miles-mikolas","Reliever","tex"
"3116","Matt Milroy","mlb-matt-milroy","Starter","tex"
"3212","Jose Monegro","mlb-jose-monegro","Starter","tex"
"3310","Luis Parra","mlb-luis-parra","Starter","tex"
"345","Victor Payano","mlb-victor-payano","Starter","tex"
"355","Martin Perez","mlb-martin-perez","Starter","tex"
"365","Austin Pettibone","mlb-austin-pettibone","Starter","tex"
"373","Adam Quintana","mlb-adam-quintana","Starter","tex"
"383","Cesar Ramos","mlb-cesar-ramos","Reliever","tex"
"392","Ricardo Rodriguez","mlb-ricardo-rodriguez","Starter","tex"
"402","Mark Rogers","mlb-mark-rogers","Starter","tex"
"4110","Michael Roth","mlb-michael-roth","Reliever","tex"
"425","Connor Sadzeck","mlb-connor-sadzeck","Reliever","tex"
"432","Tanner Scheppers","mlb-tanner-scheppers","Reliever","tex"
"442","Shawn Tolleson","mlb-shawn-tolleson","Reliever","tex"
"452","Kohsuke Tomita","mlb-kohsuke-tomita","Starter","tex"
"461","Randy Wells","mlb-randy-wells","Starter","tex"
"471","Collin Wiles","mlb-collin-wiles","Starter","tex"
"180","Dustin Antolin","mlb-dustin-antolin","Reliever","tor"
"280","Danny Barnes","mlb-danny-barnes","Starter","tor"
"346","Joe Biagini","mlb-joe-biagini","Reliever","tor"
"426","Wil Browning","mlb-wil-browning","Starter","tor"
"516","Mark Buehrle","mlb-mark-buehrle","Starter","tor"
"614","David Bush","mlb-david-bush","Reliever","tor"
"714","Brett Cecil","mlb-brett-cecil","Reliever","tor"
"814","Jesse Chavez","mlb-jesse-chavez","Reliever","tor"
"914","Taylor Cole","mlb-taylor-cole","Starter","tor"
"1014","Scott Copeland","mlb-scott-copeland","Starter","tor"
"1118","Shane Dawson","mlb-shane-dawson","Starter","tor"
"1216","Josh Degraaf","mlb-josh-degraaf","Starter","tor"
"1314","Scott Diamond","mlb-scott-diamond","Starter","tor"
"1414","R.A. Dickey","mlb-r-a-dickey","Starter","tor"
"1514","Brady Dragmire","mlb-brady-dragmire","Reliever","tor"
"1614","Marco Estrada","mlb-marco-estrada","Starter","tor"
"1714","Gavin Floyd","mlb-gavin-floyd","Reliever","tor"
"1814","Chad Girodo","mlb-chad-girodo","Reliever","tor"
"1914","Conner Greene","mlb-conner-greene","Starter","tor"
"2014","Jason Grilli","mlb-jason-grilli","Reliever","tor"
"2118","J.A. Happ","mlb-j-a-happ","Starter","tor"
"2216","Roberto Hernandez","mlb-roberto-hernandez","Starter","tor"
"2314","Drew Hutchison","mlb-drew-hutchison","Starter","tor"
"2414","Aaron Loup","mlb-aaron-loup","Reliever","tor"
"2514","Blake McFarland","mlb-blake-mcfarland","Reliever","tor"
"2614","Franklin Morales","mlb-franklin-morales","Reliever","tor"
"2714","Tomo Ohka","mlb-tomo-ohka","Starter","tor"
"2813","Darren Oliver","mlb-darren-oliver","Reliever","tor"
"2912","Juan Pablo Oramas","mlb-juan-pablo-oramas","Starter","tor"
"3012","Ramon Ortiz","mlb-ramon-ortiz","Reliever","tor"
"3117","Roberto Osuna","mlb-roberto-osuna","Reliever","tor"
"3213","Brad Penny","mlb-brad-penny","Starter","tor"
"3311","Sean Ratcliffe","mlb-sean-ratcliffe","Starter","tor"
"347","Tom Robson","mlb-tom-robson","Starter","tor"
"356","Jordan Romano","mlb-jordan-romano","Starter","tor"
"366","Ben Rowen","mlb-benjamin-rowen","Reliever","tor"
"374","Chris Rowley","mlb-chris-rowley","Starter","tor"
"384","Aaron Sanchez","mlb-aaron-sanchez","Starter","tor"
"393","Johan Santana","mlb-johan-santana","Starter","tor"
"403","Bo Schultz","mlb-bo-schultz","Reliever","tor"
"4111","Drew Storen","mlb-drew-storen","Reliever","tor"
"427","Marcus Stroman","mlb-marcus-stroman","Starter","tor"
"433","Ryan Tepera","mlb-ryan-tepera","Reliever","tor"
"443","Pat Venditte","mlb-pat-venditte","Reliever","tor"
"453","Jonathan Wandling","mlb-jonathan-wandling","Starter","tor"
"190","Kyle Anderson","mlb-kyle-anderson","Starter","ari"
"290","Spencer Arroyo","mlb-spencer-arroyo","Starter","ari"
"348","Jake Barrett","mlb-jake-barrett","Reliever","ari"
"428","Blake Beavan","mlb-blake-beavan","Starter","ari"
"517","Silvino Bracho","mlb-silvino-bracho","Reliever","ari"
"615","Archie Bradley","mlb-archie-bradley","Starter","ari"
"715","Enrique Burgos","mlb-enrique-burgos","Reliever","ari"
"815","Andrew Chafin","mlb-andrew-chafin","Reliever","ari"
"915","Tyler Clippard","mlb-tyler-clippard","Reliever","ari"
"1015","Josh Collmenter","mlb-josh-collmenter","Reliever","ari"
"1119","Patrick Corbin","mlb-patrick-corbin","Starter","ari"
"1217","Tim Crabbe","mlb-tim-crabbe","Starter","ari"
"1315","Zac Curtis","mlb-zac-curtis","Reliever","ari"
"1415","Rubby De La Rosa","mlb-rubby-de-la-rosa","Starter","ari"
"1515","Randall Delgado","mlb-randall-delgado","Reliever","ari"
"1615","Miller Diaz","mlb-miller-diaz","Starter","ari"
"1715","Edwin Escobar","mlb-edwin-escobar","Reliever","ari"
"1815","Kaleb Fleck","mlb-kaleb-fleck","Starter","ari"
"1915","Daniel Gibson","mlb-daniel-gibson","Starter","ari"
"2015","Zack Godley","mlb-zack-godley","Starter","ari"
"2119","Zack Greinke","mlb-zack-greinke","Starter","ari"
"2217","Daniel Hudson","mlb-daniel-hudson","Reliever","ari"
"2315","Dean Jackson","mlb-dean-jackson","Starter","ari"
"2415","Bud Jeter","mlb-bud-jeter","Starter","ari"
"2515","Dominic Leone","mlb-dominic-leone","Reliever","ari"
"2615","Will Locante","mlb-will-locante","Starter","ari"
"2715","Adam Loewen","mlb-adam-loewen","Starter","ari"
"2814","Yoan Lopez","mlb-yoan-lopez","Starter","ari"
"2913","Evan Marshall","mlb-evan-marshall","Reliever","ari"
"3013","Adam Miller","adam-miller","Starter","ari"
"3118","Shelby Miller","mlb-shelby-miller","Starter","ari"
"3214","Chris Oliver","mlb-chris-oliver","Starter","ari"
"3312","Robbie Ray","mlb-robbie-ray","Starter","ari"
"349","Scott Rice","mlb-scott-rice","Starter","ari"
"357","Braden Shipley","mlb-braden-shipley","Starter","ari"
"367","Tim Stauffer","mlb-tim-stauffer","Starter","ari"
"375","Josh Taylor","mlb-josh-taylor","Starter","ari"
"385","Juan Torres","mlb-juan-torres","Starter","ari"
"394","Tyler Wagner","mlb-tyler-wagner","Reliever","ari"
"404","Allen Webster","mlb-allen-webster","Reliever","ari"
"1100","Dario Alvarez","mlb-dario-alvarez","Reliever","atl"
"2100","Luis Ayala","mlb-luis-ayala","Reliever","atl"
"350","Manny Banuelos","mlb-manuel-banuelos","Starter","atl"
"429","Jesse Biddle","mlb-jesse-biddle","Starter","atl"
"518","Zack Bird","mlb-zack-bird","Starter","atl"
"616","Aaron Blair","mlb-aaron-blair","Starter","atl"
"716","Mauricio Cabrera","mlb-mauricio-cabrera","Reliever","atl"
"816","Hunter Cervenka","mlb-hunter-cervenka","Reliever","atl"
"916","Joel De La Cruz","mlb-joel-de-la-cruz","Reliever","atl"
"1016","Caleb Dirks","mlb-caleb-dirks","Starter","atl"
"1120","Christopher Ellis","mlb-christopher-ellis","Starter","atl"
"1218","Michael Foltynewicz","mlb-michael-foltynewicz","Starter","atl"
"1316","John Gant","mlb-john-gant","Starter","atl"
"1416","Lucas Harrell","mlb-lucas-harrell","Starter","atl"
"1516","Tyrell Jenkins","mlb-tyrell-jenkins","Starter","atl"
"1616","Jim Johnson","mlb-jim-johnson","Reliever","atl"
"1716","Casey Kelly","mlb-casey-kelly","Reliever","atl"
"1816","Kyle Kendrick","mlb-kyle-kendrick","Starter","atl"
"1916","Steven Kent","mlb-steven-kent","Starter","atl"
"2016","Ian Krol","mlb-ian-krol","Reliever","atl"
"2120","Matt Marksberry","mlb-matt-marksberry","Reliever","atl"
"2218","Cristhian Martinez","mlb-cristhian-martinez","Reliever","atl"
"2316","Andrew McKirahan","mlb-andrew-mckirahan","Starter","atl"
"2416","Akeel Morris","mlb-akeel-morris","Reliever","atl"
"2516","Sean Newcomb","mlb-sean-newcomb","Starter","atl"
"2616","Gabriel Noguera","mlb-gabriel-noguera","Starter","atl"
"2716","Eric O'Flaherty","mlb-eric-o-flaherty","Reliever","atl"
"2815","Williams Perez","mlb-williams-perez","Starter","atl"
"2914","Philip Pfeifer","mlb-philip-pfeifer","Starter","atl"
"3014","Paco Rodriguez","mlb-paco-rodriguez","Reliever","atl"
"3119","Evan Rutckyj","mlb-evan-rutckyj","Starter","atl"
"3215","Ricardo Sanchez","mlb-ricardo-sanchez","Starter","atl"
"3313","Cody Scarpetta","mlb-cody-scarpetta","Starter","atl"
"3410","Ben Sheets","mlb-ben-sheets","Reliever","atl"
"358","Shae Simmons","mlb-shae-simmons","Reliever","atl"
"368","Lucas Sims","mlb-lucas-sims","Starter","atl"
"376","Julio Teheran","mlb-julio-teheran","Starter","atl"
"386","Arodys Vizcaino","mlb-arodys-vizcaino","Reliever","atl"
"395","Ryan Weber","mlb-ryan-weber","Starter","atl"
"405","Daniel Winkler","mlb-daniel-winkler","Reliever","atl"
"4112","Matt Wisler","mlb-matt-wisler","Starter","atl"
"4210","Chris Withrow","mlb-chris-withrow","Reliever","atl"
"1101","Andury Acevedo","mlb-andury-acevedo","Starter","chc"
"2101","R.J. Alvarez","mlb-r-j-alvarez","Reliever","chc"
"359","Jake Arrieta","mlb-jake-arrieta","Starter","chc"
"430","Dallas Beeler","mlb-dallas-beeler","Starter","chc"
"519","Corey Black","mlb-corey-black","Starter","chc"
"617","Aaron Brooks","mlb-aaron-brooks","Reliever","chc"
"717","Aaron Brooks","aaron-brooks","Starter","chc"
"817","Trevor Cahill","mlb-trevor-cahill","Reliever","chc"
"917","Aroldis Chapman","mlb-aroldis-chapman","Reliever","chc"
"1017","Gerardo Concepcion","mlb-gerardo-concepcion","Reliever","chc"
"1121","C.J. Edwards","mlb-c-j-edwards","Reliever","chc"
"1219","Stephen Fife","mlb-stephen-fife","Starter","chc"
"1317","Stephen Fife","mlb-stephen-fife","Starter","chc"
"1417","Justin Grimm","mlb-justin-grimm","Reliever","chc"
"1517","Jason Hammel","mlb-jason-hammel","Starter","chc"
"1617","Dan Haren","mlb-dan-haren","Starter","chc"
"1717","Kyle Hendricks","mlb-kyle-hendricks","Starter","chc"
"1817","Pierce Johnson","mlb-pierce-johnson","Reliever","chc"
"1917","John Lackey","mlb-john-lackey","Starter","chc"
"2017","Jon Lester","mlb-jon-lester","Starter","chc"
"2121","Matthew Loosen","mlb-matthew-loosen","Starter","chc"
"2219","Jonathan Martinez","mlb-jonathan-martinez","Starter","chc"
"2317","James McDonald","mlb-james-mcdonald","Starter","chc"
"2417","Mike Montgomery","mlb-mike-montgomery","Reliever","chc"
"2517","Joe Nathan","mlb-joe-nathan","Reliever","chc"
"2617","Spencer Patton","mlb-spencer-patton","Reliever","chc"
"2717","Joel Peralta","mlb-joel-peralta","Reliever","chc"
"2816","Clayton Richard","mlb-clayton-richard","Reliever","chc"
"2915","Hector Rondon","mlb-hector-rondon","Reliever","chc"
"3015","Zachary Rosscup","mlb-zac-rosscup","Reliever","chc"
"3120","Giovanni Soto","mlb-giovanni-soto","Reliever","chc"
"3216","Pedro Strop","mlb-pedro-strop","Reliever","chc"
"3314","Nicholas Struck","mlb-nicholas-struck","Starter","chc"
"3411","Tsuyoshi Wada","mlb-tsuyoshi-wada","Starter","chc"
"3510","Robert Whitenack","mlb-robert-whitenack","Starter","chc"
"369","Travis Wood","mlb-travis-wood","Reliever","chc"
"1102","Nate Adcock","mlb-nate-adcock","Reliever","cin"
"2102","Timothy Adleman","mlb-tim-adleman","Starter","cin"
"360","Barrett Astin","mlb-barrett-astin","Starter","cin"
"434","David Bailey","mlb-homer-bailey","Starter","cin"
"520","Trevor Bell","mlb-trevor-bell","Reliever","cin"
"618","Tony Cingrani","mlb-tony-cingrani","Reliever","cin"
"718","Drew Cisco","mlb-drew-cisco","Starter","cin"
"818","Caleb Cotham","mlb-caleb-cotham","Reliever","cin"
"918","Rookie Davis","mlb-rookie-davis","Starter","cin"
"1018","Abel De Los Santos","mlb-abel-de-los-santos","Reliever","cin"
"1122","Anthony DeSclafani","mlb-anthony-desclafani","Starter","cin"
"1220","Jumbo Diaz","mlb-jose-rafael-diaz","Reliever","cin"
"1318","Brandon Finnegan","mlb-brandon-finnegan","Starter","cin"
"1418","Armando Galarraga","mlb-armando-galarraga","Starter","cin"
"1518","Amir Garrett","mlb-amir-garrett","Reliever","cin"
"1618","Ismael Guillon","mlb-ismael-guillon","Starter","cin"
"1718","Kevin Herget","mlb-kevin-herget","Reliever","cin"
"1818","J.J. Hoover","mlb-j-j-hoover","Reliever","cin"
"1918","Raisel Iglesias","mlb-raisel-iglesias","Starter","cin"
"2018","John Lamb","mlb-john-lamb","Starter","cin"
"2122","Michael Lorenzen","mlb-michael-lorenzen","Reliever","cin"
"2220","Paul Maholm","mlb-paul-maholm","Starter","cin"
"2318","Sean Marshall","mlb-sean-marshall","Reliever","cin"
"2418","A.J. Morris","mlb-a-j-morris","Reliever","cin"
"2518","Jon Moscot","mlb-jon-moscot","Reliever","cin"
"2618","Ross Ohlendorf","mlb-ross-ohlendorf","Reliever","cin"
"2718","Logan Ondrusek","mlb-logan-ondrusek","Reliever","cin"
"2817","Wandy Peralta","mlb-wandy-peralta","Starter","cin"
"2916","Cody Reed","mlb-cody-reed","Starter","cin"
"3016","Daniel Renken","mlb-daniel-renken","Starter","cin"
"3121","Sal Romano","mlb-salvatore-romano","Starter","cin"
"3217","Keyvius Sampson","mlb-keyvius-sampson","Reliever","cin"
"3315","Moises Severino","mlb-moises-severino","Starter","cin"
"3412","Alfredo Simon","mlb-alfredo-simon","Starter","cin"
"3511","Josh Smith","mlb-josh-smith","Reliever","cin"
"3610","Joshua Smith","mlb-joshua-smith","Reliever","cin"
"377","Robert Stephenson","mlb-robert-stephenson","Starter","cin"
"387","Dan Straily","mlb-daniel-straily","Starter","cin"
"396","Blake Wood","mlb-blake-wood","Reliever","cin"
"406","Daniel Wright","mlb-daniel-wright","Reliever","cin"
"4113","Jose Zorrilla","mlb-jose-zorrilla","Starter","cin"
"1103","Tyler Anderson","mlb-tyler-anderson","Starter","col"
"2103","Christian Bergman","mlb-christian-bergman","Reliever","col"
"370","Chad Bettis","mlb-chad-bettis","Starter","col"
"435","Devin Burke","mlb-devin-burke","Starter","col"
"521","Eddie Butler","mlb-eddie-butler","Starter","col"
"619","Shane Carle","mlb-shane-carle","Starter","col"
"719","Miguel Castro","mlb-miguel-castro","Reliever","col"
"819","Tyler Chatwood","mlb-tyler-chatwood","Starter","col"
"919","Jorge De La Rosa","mlb-jorge-de-la-rosa","Starter","col"
"1019","Jairo Diaz","mlb-jairo-diaz","Reliever","col"
"1123","Carlos Estevez","mlb-carlos-estevez","Reliever","col"
"1221","Gonzalez Germen","mlb-gonzalez-germen","Reliever","col"
"1319","Carlos Gonzalez","mlb-carlos-gonzalez","Reliever","col"
"1419","Jon Gray","mlb-jonathan-gray","Starter","col"
"1519","Jason Gurka","mlb-jason-gurka","Reliever","col"
"1619","Pedro Hernandez","mlb-pedro-hernandez","Starter","col"
"1719","Dan Houston","mlb-dan-houston","Starter","col"
"1819","Luis Jean","mlb-luis-jean","Starter","col"
"1919","Boone Logan","mlb-boone-logan","Reliever","col"
"2019","Jordan Lyles","mlb-jordan-lyles","Starter","col"
"2123","German Marquez","mlb-german-marquez","Reliever","col"
"2221","Tyler Matzek","mlb-tyler-matzek","Starter","col"
"2319","Jake McGee","mlb-jake-mcgee","Reliever","col"
"2419","Justin Miller","mlb-justin-miller","Reliever","col"
"2519","Jason Motte","mlb-jason-motte","Reliever","col"
"2619","Scott Oberg","mlb-scott-oberg","Reliever","col"
"2719","Roy Oswalt","mlb-roy-oswalt","Starter","col"
"2818","Adam Ottavino","mlb-adam-ottavino","Reliever","col"
"2917","Matt Pierpont","mlb-matt-pierpont","Starter","col"
"3017","Chad Qualls","mlb-chad-qualls","Reliever","col"
"3122","Cory Riordan","mlb-cory-riordan","Starter","col"
"3218","Chris Rusin","mlb-christopher-rusin","Starter","col"
"3316","Nick Schmidt","mlb-nick-schmidt","Starter","col"
"3413","Antonio Senzatela","mlb-antonio-senzatela","Reliever","col"
"1104","Brett Anderson","mlb-brett-anderson","Starter","la"
"2104","Chris Anderson","mlb-chris-anderson","Starter","la"
"378","Isaac Anderson","mlb-isaac-anderson","Starter","la"
"436","Luis Avilan","mlb-luis-avilan","Reliever","la"
"522","Pedro Baez","mlb-pedro-baez","Reliever","la"
"620","Scott Baker","mlb-scott-baker","Starter","la"
"720","Brandon Beachy","mlb-brandon-beachy","Starter","la"
"820","Josh Beckett","mlb-josh-beckett","Starter","la"
"920","Erik Bedard","mlb-erik-bedard","Starter","la"
"1020","Joe Blanton","mlb-joe-blanton","Reliever","la"
"1124","Mike Bolsinger","mlb-michael-bolsinger","Starter","la"
"1222","Louis Coleman","mlb-louis-coleman","Reliever","la"
"1320","Daniel Corcino","mlb-daniel-corcino","Starter","la"
"1420","Jharel Cotton","mlb-jharel-cotton","Reliever","la"
"1520","Chase De Jong","mlb-chase-de-jong","Starter","la"
"1620","Jose De Leon","mlb-jose-de-leon","Starter","la"
"1720","Casey Fien","mlb-casey-fien","Reliever","la"
"1820","Carlos Frias","mlb-carlos-frias","Reliever","la"
"1920","Yimi Garcia","mlb-yimi-garcia","Reliever","la"
"2020","John Grabow","mlb-john-grabow","Starter","la"
"2124","Chris Hatcher","mlb-chris-hatcher","Reliever","la"
"2222","Blake Hawksworth","mlb-blake-hawksworth","Reliever","la"
"2320","J.P. Howell","mlb-j-p-howell","Reliever","la"
"2420","Kenley Jansen","mlb-kenley-jansen","Reliever","la"
"2520","Blake Johnson","mlb-blake-johnson","Starter","la"
"2620","Scott Kazmir","mlb-scott-kazmir","Starter","la"
"2720","Clayton Kershaw","mlb-clayton-kershaw","Starter","la"
"2819","Adam Liberatore","mlb-adam-liberatore","Reliever","la"
"2918","Ted Lilly","mlb-ted-lilly","Starter","la"
"3018","Kenta Maeda","mlb-kenta-maeda","Starter","la"
"3123","Brandon McCarthy","mlb-brandon-mccarthy","Starter","la"
"3219","Frankie Montas","mlb-frankie-montas","Reliever","la"
"3317","Bud Norris","mlb-bud-norris","Starter","la"
"3414","Red Patterson","mlb-red-patterson","Starter","la"
"3512","Josh Ravin","mlb-josh-ravin","Reliever","la"
"3611","Jacob Rhame","mlb-jacob-rhame","Starter","la"
"379","Hyun-Jin Ryu","mlb-hyun-jin-ryu","Starter","la"
"388","Yaisel Sierra","mlb-yaisel-sierra","Starter","la"
"397","Yasiel Sierra","mlb-yasiel-sierra","Starter","la"
"407","Brock Stewart","mlb-brock-stewart","Reliever","la"
"4114","Ross Stripling","mlb-ross-stripling","Starter","la"
"4211","Chin-Hui Tsao","mlb-chin-hui-tsao","Reliever","la"
"437","Julio Urias","mlb-julio-urias","Starter","la"
"444","Brian Wilson","mlb-brian-wilson","Reliever","la"
"454","Robert Wood","mlb-alex-wood","Starter","la"
"1105","Hunter Adkins","mlb-hunter-adkins","Starter","mia"
"2105","Kyle Barraclough","mlb-kyle-barraclough","Reliever","mia"
"380","Austin Brice","mlb-austin-brice","Reliever","mia"
"438","Jeff Brigham","mlb-jeff-brigham","Starter","mia"
"523","Carter Capps","mlb-carter-capps","Reliever","mia"
"621","Wei-Yin Chen","mlb-wei-yin-chen","Starter","mia"
"721","Adam Conley","mlb-adam-conley","Starter","mia"
"821","Jarred Cosart","mlb-jarred-cosart","Starter","mia"
"921","Aaron Crow","mlb-aaron-crow","Reliever","mia"
"1021","Miguel Del Pozo","mlb-miguel-del-pozo","Starter","mia"
"1125","Mike Dunn","mlb-mike-dunn","Reliever","mia"
"1223","Cody Ege","mlb-cody-ege","Reliever","mia"
"1321","Brian Ellington","mlb-brian-ellington","Reliever","mia"
"1421","Jake Esch","mlb-jake-esch","Reliever","mia"
"1521","Bryan Evans","mlb-bryan-evans","Starter","mia"
"1621","Jose Fernandez","jose-fernandez","Starter","mia"
"1721","Kendry Flores","mlb-kendry-flores","Starter","mia"
"1821","Jarlin Garcia","mlb-jarlin-garcia","Reliever","mia"
"1921","Willi Garcia","mlb-willi-garcia","Starter","mia"
"2021","Kevin Guzman","mlb-kevin-guzman","Starter","mia"
"2125","Cody Hall","mlb-cody-hall","Reliever","mia"
"2223","Tom Koehler","mlb-tom-koehler","Starter","mia"
"2321","Raudel Lazo","mlb-raudel-lazo","Reliever","mia"
"2421","Michael Mader","mlb-michael-mader","Starter","mia"
"2521","Dustin McGowan","mlb-dustin-mcgowan","Reliever","mia"
"2621","Avery Morris","mlb-bryan-morris","Reliever","mia"
"2721","Matthew Neil","mlb-matthew-neil","Starter","mia"
"2820","Justin Nicolino","mlb-justin-nicolino","Starter","mia"
"2919","Nefi Ogando","mlb-nefi-ogando","Reliever","mia"
"3019","David Phelps","mlb-david-phelps","Reliever","mia"
"3124","A.J. Ramos","mlb-a-j-ramos","Reliever","mia"
"3220","Fernando Rodney","mlb-fernando-rodney","Reliever","mia"
"3318","Mitch Talbot","mlb-mitch-talbot","Starter","mia"
"3415","Jose Urena","mlb-jose-urena","Reliever","mia"
"3513","Nick Wittgren","mlb-nick-wittgren","Reliever","mia"
"3612","Asher Wojciechowski","mlb-asher-wojciechowski","Reliever","mia"
"1106","Chase Anderson","mlb-chase-anderson","Starter","mil"
"2106","Jacob Barnes","mlb-jacob-barnes","Reliever","mil"
"389","Yhonathan Barrios","mlb-yhonathan-barrios","Reliever","mil"
"439","Michael Blazek","mlb-michael-blazek","Reliever","mil"
"524","Blaine Boyer","mlb-blaine-boyer","Reliever","mil"
"622","Christopher Capuano","mlb-chris-capuano","Reliever","mil"
"722","Tyler Cravy","mlb-tyler-cravy","Starter","mil"
"822","Zach Davies","mlb-zach-davies","Starter","mil"
"922","Miguel De Los Santos","mlb-miguel-de-los-santos","Reliever","mil"
"1022","Andrew Gagnon","mlb-andrew-gagnon","Starter","mil"
"1126","Matt Garza","mlb-matt-garza","Starter","mil"
"1224","David Goforth","mlb-david-goforth","Reliever","mil"
"1322","Junior Guerra","mlb-junior-guerra","Starter","mil"
"1422","Adrian Houser","mlb-adrian-houser","Starter","mil"
"1522","Jeremy Jeffress","mlb-jeremy-jeffress","Reliever","mil"
"1622","Taylor Jungmann","mlb-taylor-jungmann","Starter","mil"
"1722","Corey Knebel","mlb-corey-knebel","Reliever","mil"
"1822","Jorge Lopez","mlb-jorge-lopez","Reliever","mil"
"1922","Damien Magnifico","mlb-damien-magnifico","Reliever","mil"
"2022","Jhan Marinez","mlb-jhan-marinez","Reliever","mil"
"2126","Jimmy Nelson","mlb-jimmy-nelson","Starter","mil"
"2224","Sean Nolin","mlb-sean-nolin","Starter","mil"
"2322","Ariel Pena","mlb-ariel-pena","Starter","mil"
"2422","Wily Peralta","mlb-wily-peralta","Starter","mil"
"2522","Rob Scahill","mlb-rob-scahill","Reliever","mil"
"2622","Will Smith","mlb-will-smith","Reliever","mil"
"2722","Brent Suter","mlb-brent-suter","Starter","mil"
"2821","Tyler Thornburg","mlb-tyler-thornburg","Reliever","mil"
"2920","Carlos Torres","mlb-carlos-torres","Reliever","mil"
"3020","Dontrelle Willis","mlb-dontrelle-willis","Starter","mil"
"1107","Manny Acosta","mlb-manny-acosta","Reliever","nym"
"2107","Antonio Bastardo","mlb-antonio-bastardo","Reliever","nym"
"390","Jerry Blevins","mlb-jerry-blevins","Reliever","nym"
"440","Lance Broadway","mlb-lance-broadway","Reliever","nym"
"525","Tim Byrdak","mlb-tim-byrdak","Reliever","nym"
"623","Bartolo Colon","mlb-bartolo-colon","Starter","nym"
"723","Jacob deGrom","mlb-jacob-degrom","Starter","nym"
"823","Elmer Dessens","mlb-elmer-dessens","Reliever","nym"
"923","Josh Edgin","mlb-joshua-edgin","Reliever","nym"
"1023","Kelvim Escobar","mlb-kelvim-escobar","Starter","nym"
"1127","Jeurys Familia","mlb-jeurys-familia","Reliever","nym"
"1225","Pedro Feliciano","mlb-pedro-feliciano","Reliever","nym"
"1323","Sean Gilmartin","mlb-sean-gilmartin","Reliever","nym"
"1423","Erik Goeddel","mlb-erik-goeddel","Reliever","nym"
"1523","Sean Green","mlb-sean-green","Reliever","nym"
"1623","Robert Gsellman","mlb-robert-gsellman","Reliever","nym"
"1723","Matt Harvey","mlb-matt-harvey","Starter","nym"
"1823","Jim Henderson","mlb-jim-henderson","Reliever","nym"
"1923","Livan Hernandez","mlb-livan-hernandez","Starter","nym"
"2023","Ryota Igarashi","mlb-ryota-igarashi","Reliever","nym"
"2127","Arturo Lopez","mlb-arturo-lopez","Reliever","nym"
"2225","Seth Lugo","mlb-seth-lugo","Reliever","nym"
"2323","John Maine","mlb-john-maine","Starter","nym"
"2423","Daisuke Matsuzaka","mlb-daisuke-matsuzaka","Reliever","nym"
"2523","Steven Matz","mlb-steven-matz","Starter","nym"
"2623","Rafael Montero","mlb-rafael-montero","Reliever","nym"
"2723","Carlos Muniz","mlb-carlos-muniz","Reliever","nym"
"2822","Josh Prevost","mlb-josh-prevost","Starter","nym"
"2921","Tim Redding","mlb-tim-redding","Starter","nym"
"3021","Addison Reed","mlb-addison-reed","Reliever","nym"
"3125","Connor Robertson","mlb-connor-robertson","Reliever","nym"
"3221","Hansel Robles","mlb-hansel-robles","Reliever","nym"
"3319","Joshua Smoker","mlb-josh-smoker","Reliever","nym"
"3416","Brian Stokes","mlb-brian-stokes","Reliever","nym"
"3514","Jon Switzer","mlb-jon-switzer","Reliever","nym"
"3613","Noah Syndergaard","mlb-noah-syndergaard","Starter","nym"
"3710","Hisanori Takahashi","mlb-hisanori-takahashi","Reliever","nym"
"3810","Ken Takahashi","mlb-ken-takahashi","Reliever","nym"
"398","Jon Velasquez","mlb-jon-velasquez","Starter","nym"
"408","Logan Verrett","mlb-logan-verrett","Reliever","nym"
"4115","Zachary Wheeler","mlb-zack-wheeler","Starter","nym"
"4212","Gabriel Ynoa","mlb-gabriel-ynoa","Starter","nym"
"1108","Elvis Araujo","mlb-elvis-araujo","Reliever","phi"
"2108","Alec Asher","mlb-alec-asher","Starter","phi"
"399","Andrew Bailey","mlb-andrew-bailey","Reliever","phi"
"445","Chad Billingsley","mlb-chad-billingsley","Starter","phi"
"526","David Buchanan","mlb-david-buchanan","Starter","phi"
"624","Aaron Cook","mlb-aaron-cook","Starter","phi"
"724","Jimmy Cordero","mlb-jimmy-cordero","Reliever","phi"
"824","Kevin Correia","mlb-kevin-correia","Starter","phi"
"924","Zach Eflin","mlb-zach-eflin","Starter","phi"
"1024","Jerad Eickhoff","mlb-jerad-eickhoff","Starter","phi"
"1128","Luis Garcia","mlb-luis-garcia","Reliever","phi"
"1226","Jeanmar Gomez","mlb-jeanmar-gomez","Reliever","phi"
"1324","Severino Gonzalez","mlb-severino-gonzalez","Starter","phi"
"1424","Roy Halladay","mlb-roy-halladay","Reliever","phi"
"1524","Aaron Harang","mlb-aaron-harang","Starter","phi"
"1624","Matthew Harrison","mlb-matt-harrison","Starter","phi"
"1724","Jeremy Hellickson","mlb-jeremy-hellickson","Starter","phi"
"1824","David Hernandez","mlb-david-hernandez","Reliever","phi"
"1924","Dalier Hinojosa","mlb-dalier-hinojosa","Reliever","phi"
"2024","Phil Klein","mlb-phil-klein","Reliever","phi"
"2128","Cliff Lee","mlb-cliff-lee","Starter","phi"
"2226","Mark Leiter","mlb-mark-leiter","Starter","phi"
"2324","Ben Lively","mlb-ben-lively","Starter","phi"
"2424","Michael Mariot","mlb-michael-mariot","Reliever","phi"
"2524","Adam Morgan","mlb-adam-morgan","Starter","phi"
"2624","Charles Morton","mlb-charlie-morton","Starter","phi"
"2724","Colton Murray","mlb-colton-murray","Reliever","phi"
"2823","Hector Neris","mlb-hector-neris","Reliever","phi"
"2922","Aaron Nola","mlb-aaron-nola","Starter","phi"
"3022","Brett Oberholtzer","mlb-brett-oberholtzer","Reliever","phi"
"3126","Jonathan Pettibone","mlb-jonathan-pettibone","Reliever","phi"
"3222","Nicholas Pivetta","mlb-nicholas-pivetta","Starter","phi"
"3320","Edubray Ramos","mlb-edubray-ramos","Reliever","phi"
"3417","Kevin Slowey","mlb-kevin-slowey","Starter","phi"
"3515","Greg Smith","mlb-greg-smith","Starter","phi"
"3614","Ethan Stewart","mlb-ethan-stewart","Starter","phi"
"3711","Daniel Stumpf","mlb-daniel-stumpf","Reliever","phi"
"3811","Anthony Vasquez","mlb-anthony-vasquez","Starter","phi"
"3910","Vince Velasquez","mlb-vincent-velasquez","Starter","phi"
"409","Jerome Williams","mlb-jerome-williams","Reliever","phi"
"4116","Austin Wright","mlb-austin-wright","Starter","phi"
"1109","Nathan Baker","mlb-nathan-baker","Starter","pit"
"2109","Wilfredo Boscan","mlb-wilfredo-boscan","Reliever","pit"
"3100","Steven Brault","mlb-stephen-brault","Reliever","pit"
"446","A.J. Burnett","mlb-a-j-burnett","Starter","pit"
"527","Arquimedes Caminero","mlb-arquimedes-caminero","Reliever","pit"
"625","Gerrit Cole","mlb-gerrit-cole","Starter","pit"
"725","Michael Colla","mlb-michael-colla","Starter","pit"
"825","Brandon Cumpton","mlb-brandon-cumpton","Starter","pit"
"925","Neftali Feliz","mlb-neftali-feliz","Reliever","pit"
"1025","Tyler Glasnow","mlb-tyler-glasnow","Starter","pit"
"1129","Jared Hughes","mlb-jared-hughes","Reliever","pit"
"1227","Jeff Karstens","mlb-jeff-karstens","Starter","pit"
"1325","Nick Kingham","mlb-nick-kingham","Starter","pit"
"1425","Chad Kuhl","mlb-chad-kuhl","Starter","pit"
"1525","Josh Lindblom","mlb-josh-lindblom","Starter","pit"
"1625","Francisco Liriano","mlb-francisco-liriano","Starter","pit"
"1725","Kyle Lobstein","mlb-kyle-lobstein","Reliever","pit"
"1825","Jeff Locke","mlb-jeff-locke","Starter","pit"
"1925","Brett McKinney","mlb-brett-mckinney","Starter","pit"
"2025","Mark Melancon","mlb-mark-melancon","Reliever","pit"
"2129","Juan Nicasio","mlb-juan-nicasio","Starter","pit"
"2227","Jon Niese","mlb-jon-niese","Starter","pit"
"2325","Angel Sanchez","mlb-angel-sanchez","Starter","pit"
"2425","A.J. Schugel","mlb-aj-schugel","Reliever","pit"
"2525","Jameson Taillon","mlb-jameson-taillon","Starter","pit"
"2625","Jake Thompson","mlb-jake-thompson","Starter","pit"
"2725","Ryan Vogelsong","mlb-ryan-vogelsong","Reliever","pit"
"2824","Tony Watson","mlb-tony-watson","Reliever","pit"
"1130","Martires Arias","mlb-martires-arias","Starter","sd"
"2130","Buddy Baumann","mlb-buddy-baumann","Reliever","sd"
"3101","Ryan Buchter","mlb-ryan-buchter","Reliever","sd"
"447","Billy Buckner","mlb-billy-buckner","Starter","sd"
"528","Leonel Campos","mlb-leonel-campos","Reliever","sd"
"626","Andrew Cashner","mlb-andrew-cashner","Starter","sd"
"726","Paul Clemens","mlb-paul-clemens","Starter","sd"
"826","Luis Diaz","mlb-luis-diaz","Starter","sd"
"926","Jose Dominguez","mlb-jose-dominguez","Reliever","sd"
"1026","Jonathan Edwards","mlb-jonathan-edwards","Reliever","sd"
"1131","Robert Erlin","mlb-robbie-erlin","Starter","sd"
"1228","Christian Friedrich","mlb-christian-friedrich","Starter","sd"
"1326","Tayron Guerrero","mlb-tayron-guerrero","Reliever","sd"
"1426","Brad Hand","mlb-brad-hand","Reliever","sd"
"1526","Keith Hessler","mlb-keith-hessler","Reliever","sd"
"1626","Philip Humber","mlb-philip-humber","Starter","sd"
"1726","Jay Jackson","mlb-jay-jackson","Reliever","sd"
"1826","Erik Johnson","mlb-erik-johnson","Starter","sd"
"1926","Josh Johnson","mlb-josh-johnson-d2666dba-072b-4171-be5d-dc6838284dd3","Starter","sd"
"2026","Brandon Maurer","mlb-brandon-maurer","Reliever","sd"
"2131","Brandon Morrow","mlb-brandon-morrow","Starter","sd"
"2228","Chris Paddack","mlb-chris-paddack","Starter","sd"
"2326","Luis Perdomo","mlb-luis-perdomo","Starter","sd"
"2426","Carlos Pimentel","mlb-carlos-pimentel","Starter","sd"
"2526","Adys Portillo","mlb-adys-portillo","Starter","sd"
"2626","Evan Powell","mlb-evan-powell","Starter","sd"
"2726","Kevin Quackenbush","mlb-kevin-quackenbush","Reliever","sd"
"2825","Colin Rea","mlb-colin-rea","Starter","sd"
"2923","Greg Reynolds","mlb-greg-reynolds","Starter","sd"
"3023","Tyson Ross","mlb-tyson-ross","Starter","sd"
"3127","Trevor Seidenberger","mlb-trevor-seidenberger","Starter","sd"
"3223","Jake Smith","mlb-jake-smith","Reliever","sd"
"3321","Scott Snodgress","mlb-scott-snodgress","Starter","sd"
"3418","Matt Thornton","mlb-matt-thornton","Reliever","sd"
"3516","Jose Torres","mlb-jose-torres","Reliever","sd"
"3615","Cesar Vargas","mlb-cesar-vargas","Starter","sd"
"3712","Carlos Villanueva","mlb-carlos-villanueva","Reliever","sd"
"1132","Jeremy Affeldt","mlb-jeremy-affeldt","Reliever","sf"
"2132","Ty Blach","mlb-ty-blach","Reliever","sf"
"3102","Raymond Black","mlb-ray-black","Reliever","sf"
"448","Clayton Blackburn","mlb-clayton-blackburn","Starter","sf"
"529","Brett Bochy","mlb-brett-bochy","Reliever","sf"
"627","Madison Bumgarner","mlb-madison-bumgarner","Starter","sf"
"727","Matt Cain","mlb-matt-cain","Starter","sf"
"827","Santiago Casilla","mlb-santiago-casilla","Reliever","sf"
"927","Kyle Crick","mlb-kyle-crick","Reliever","sf"
"1027","Johnny Cueto","mlb-johnny-cueto","Starter","sf"
"1133","Cory Gearrin","mlb-cory-gearrin","Reliever","sf"
"1229","Joan Gregorio","mlb-joan-gregorio","Starter","sf"
"1327","Christopher Heston","mlb-christopher-heston","Reliever","sf"
"1427","Tim Hudson","mlb-tim-hudson","Starter","sf"
"1527","George Kontos","mlb-george-kontos","Reliever","sf"
"1627","Derek Law","mlb-derek-law","Reliever","sf"
"1727","Javier Lopez","mlb-javier-lopez","Reliever","sf"
"1827","Adalberto Mejia","mlb-adalberto-mejia","Reliever","sf"
"1927","Tyler Mizenko","mlb-tyler-mizenko","Starter","sf"
"2027","Steven Okert","mlb-steven-okert","Reliever","sf"
"2133","Josh Osich","mlb-josh-osich","Reliever","sf"
"2229","Jake Peavy","mlb-jake-peavy","Starter","sf"
"2327","Ricky Romero","mlb-ricky-romero","Starter","sf"
"2427","Sergio Romo","mlb-sergio-romo","Reliever","sf"
"2527","Ryan Sadowski","mlb-ryan-sadowski","Starter","sf"
"2627","Jeff Samardzija","mlb-jeff-samardzija","Starter","sf"
"2727","Chris Stratton","mlb-chris-stratton","Reliever","sf"
"2826","Hunter Strickland","mlb-hunter-strickland","Reliever","sf"
"2924","Albert Suarez","mlb-albert-suarez","Starter","sf"
"1134","Sandy Alcantara","mlb-sandy-alcantara","Starter","stl"
"2134","Matt Bowman","mlb-matthew-bowman","Reliever","stl"
"3103","Jonathan Broxton","mlb-jonathan-broxton","Reliever","stl"
"449","Keith Butler","mlb-keith-butler","Reliever","stl"
"530","Chris Carpenter","chris-carpenter","Starter","stl"
"628","Tim Cooney","mlb-tim-cooney","Starter","stl"
"728","Junior Fernandez","mlb-junior-fernandez","Starter","stl"
"828","Jack Flaherty","mlb-jack-flaherty","Starter","stl"
"928","Jaime Garcia","mlb-jaime-garcia","Starter","stl"
"1028","Silfredo Garcia","mlb-silfredo-garcia","Starter","stl"
"1135","Marco Gonzales","mlb-marco-gonzales","Reliever","stl"
"1230","Mitchell Harris","mlb-mitchell-harris","Reliever","stl"
"1328","Dean Kiekhefer","mlb-dean-kiekhefer","Reliever","stl"
"1428","Mike Leake","mlb-mike-leake","Starter","stl"
"1528","Michael Lynn","mlb-lance-lynn","Starter","stl"
"1628","Tyler Lyons","mlb-tyler-lyons","Reliever","stl"
"1728","Seth Maness","mlb-seth-maness","Reliever","stl"
"1828","Carlos Martinez","mlb-carlos-martinez","Starter","stl"
"1928","Deck McGuire","mlb-deck-mcguire","Starter","stl"
"2028","Seung-Hwan Oh","mlb-seung-hwang-oh","Reliever","stl"
"2135","Trevor Rosenthal","mlb-trevor-rosenthal","Reliever","stl"
"2230","Robby Rowland","mlb-robby-rowland","Starter","stl"
"2328","Kevin Siegrist","mlb-kevin-siegrist","Reliever","stl"
"2428","Keaton Siomkin","mlb-keaton-siomkin","Starter","stl"
"2528","Miguel Socolovich","mlb-miguel-socolovich","Reliever","stl"
"2628","Colton Thomson","mlb-colton-thomson","Starter","stl"
"2728","Sam Tuivailala","mlb-samuel-tuivailala","Reliever","stl"
"2827","Ross Vance","mlb-ross-vance","Starter","stl"
"2925","Michael Wacha","mlb-michael-wacha","Starter","stl"
"3024","Adam Wainwright","mlb-adam-wainwright","Starter","stl"
"3128","Jordan Walden","mlb-jordan-walden","Reliever","stl"
"3224","Tyler Waldron","mlb-tyler-waldron","Starter","stl"
"1136","Bronson Arroyo","mlb-bronson-arroyo","Starter","was"
"2136","Pedro Avila","mlb-pedro-avila","Starter","was"
"3104","Dakota Bacus","mlb-dakota-bacus","Starter","was"
"450","Aaron Barrett","mlb-aaron-barrett","Reliever","was"
"531","Matt Belisle","mlb-matt-belisle","Reliever","was"
"629","Grant Borne","mlb-grant-borne","Starter","was"
"729","A.J. Cole","mlb-a-j-cole","Reliever","was"
"829","Lucas Giolito","mlb-lucas-giolito","Starter","was"
"929","Gio Gonzalez","mlb-gio-gonzalez","Starter","was"
"1029","Trevor Gott","mlb-trevor-gott","Reliever","was"
"1137","Matthew Grace","mlb-matthew-grace","Reliever","was"
"1231","Shawn Kelley","mlb-shawn-kelley","Reliever","was"
"1329","Aaron Laffey","mlb-aaron-laffey","Starter","was"
"1429","Nick Lee","mlb-nick-lee","Starter","was"
"1529","Rafael Martin","mlb-rafael-martin","Reliever","was"
"1629","Whit Mayberry","mlb-whit-mayberry","Starter","was"
"1729","Robert Orlan","mlb-robert-orlan","Starter","was"
"1829","Jonathan Papelbon","mlb-jonathan-papelbon","Reliever","was"
"1929","Oliver Perez","mlb-oliver-perez","Reliever","was"
"2029","Yusmeiro Petit","mlb-yusmeiro-petit","Reliever","was"
"2137","Felipe Rivero","mlb-felipe-rivero","Reliever","was"
"2231","Tanner Roark","mlb-tanner-roark","Starter","was"
"2329","Greg Ross","mlb-greg-ross","Starter","was"
"2429","Joe Ross","mlb-joe-ross","Starter","was"
"2529","Max Scherzer","mlb-max-scherzer","Starter","was"
"2629","Sammy Solis","mlb-sammy-solis","Reliever","was"
"2729","Stephen Strasburg","mlb-stephen-strasburg","Starter","was"
"2828","Blake Treinen","mlb-blake-treinen","Reliever","was"
"2926","Mick VanVossen","mlb-mick-vanvossen","Starter","was"
