"","mlb_team","cbs_pos","retro_id","retro_name","debut"
"LAA A.J. Achter","LAA","RP","achta001","A.J. Achter","9/3/2014"
"PIT A.J. Burnett","PIT","SP","burna001","A.J. Burnett","8/17/1999"
"WSH A.J. Cole","WSH","RP","colea002","A.J. Cole","4/28/2015"
"TEX A.J. Griffin","TEX","SP","grifa002","A.J. Griffin","6/24/2012"
"MIA A.J. Ramos","MIA","RP","ramoa001","A.J. Ramos","9/4/2012"
"PIT A.J. Schugel","PIT","RP","schua001","A.J. Schugel","4/12/2015"
"WSH Aaron Barrett","WSH","RP","barra001","Aaron Barrett","3/31/2014"
"CHC Aaron Brooks","CHC","SP","brooa001","Aaron Brooks","5/3/2014"
"MIA Aaron Crow","MIA","RP","crowa001","Aaron Crow","3/31/2011"
"PHI Aaron Harang","PHI","SP","haraa001","Aaron Harang","5/25/2002"
"COL Aaron Laffey","COL","RP","laffa001","Aaron Laffey","8/4/2007"
"TOR Aaron Loup","TOR","RP","loupa001","Aaron Loup","7/14/2012"
"PHI Aaron Nola","PHI","SP","nolaa001","Aaron Nola","7/21/2015"
"TEX Aaron Poreda","TEX","SP","porea001","Aaron Poreda","6/12/2009"
"TOR Aaron Sanchez","TOR","SP","sanca006","Aaron Sanchez","7/23/2014"
"MIN Aaron Thompson","MIN","RP","thoma003","Aaron Thompson","8/24/2011"
"WSH Abel de los Santos","WSH","RP","deloa001","Abel de los Santos","7/21/2015"
"MIA Adam Conley","MIA","SP","conla001","Adam Conley","6/10/2015"
"LAD Adam Liberatore","LAD","RP","libea001","Adam Liberatore","4/17/2015"
"PHI Adam Loewen","PHI","RP","loewa001","Adam Loewen","5/23/2006"
"PHI Adam Morgan","PHI","SP","morga001","Adam Morgan","6/21/2015"
"COL Adam Ottavino","COL","RP","ottaa001","Adam Ottavino","5/29/2010"
"STL Adam Wainwright","STL","SP","waina001","Adam Wainwright","9/11/2005"
"CHC Adam Warren","CHC","RP","warra001","Adam Warren","6/29/2012"
"LAA Adam Wilk","LAA","RP","wilka001","Adam Wilk","5/26/2011"
"NYM Addison Reed","NYM","RP","reeda001","Addison Reed","9/4/2011"
"MIL Adrian Houser","MIL","SP","housa001","Adrian Houser","9/26/2015"
"ATL Akeel Morris","ATL","RP","morra001","Akeel Morris","6/17/2015"
"LAA Al Alburquerque","LAA","RP","albua001","Al Alburquerque","4/15/2011"
"CHC Alberto Cabrera","CHC","RP","cabra003","Alberto Cabrera","8/1/2012"
"PHI Alec Asher","PHI","SP","ashea001","Alec Asher","8/30/2015"
"CHC Alex Burnett","CHC","RP","burna002","Alex Burnett","4/8/2010"
"TEX Alex Claudio","TEX","RP","claua001","Alex Claudio","8/13/2014"
"TB Alex Cobb","TB","SP","cobba001","Alex Cobb","5/1/2011"
"TB Alex Colome","TB","RP","coloa001","Alex Colome","5/30/2013"
"MIN Alex Meyer","MIN","RP","meyea001","Alex Meyer","6/26/2015"
"ARI Alex Sanabia","ARI","SP","sanaa001","Alex Sanabia","6/24/2010"
"ATL Alex Torres","ATL","RP","torra002","Alex Torres","7/18/2011"
"HOU Alex White","HOU","SP","whita001","Alex White","4/30/2011"
"DET Alex Wilson","DET","RP","wilsa001","Alex Wilson","4/11/2013"
"LAD Alex Wood","LAD","SP","wooda002","Alex Wood","5/30/2013"
"ATL Alexi Ogando","ATL","RP","ogana001","Alexi Ogando","6/15/2010"
"NYY Alfredo Aceves","NYY","RP","aceva001","Alfredo Aceves","8/31/2008"
"TEX Alfredo Figaro","TEX","RP","figaa001","Alfredo Figaro","6/20/2009"
"CIN Alfredo Simon","CIN","SP","simoa001","Alfredo Simon","9/6/2008"
"PIT Allen Webster","PIT","RP","websa001","Allen Webster","4/21/2013"
"MIA Andre Rienzo","MIA","RP","riena001","Andre Rienzo","7/30/2013"
"TOR Andrew Albers","TOR","RP","albea001","Andrew Albers","8/6/2013"
"PHI Andrew Bailey","PHI","RP","baila001","Andrew Bailey","4/6/2009"
"TB Andrew Bellatti","TB","RP","bella001","Andrew Bellatti","5/9/2015"
"OAK Andrew Carignan","OAK","RP","caria001","Andrew Carignan","9/2/2011"
"SD Andrew Cashner","SD","SP","casha001","Andrew Cashner","5/31/2010"
"ARI Andrew Chafin","ARI","RP","chafa001","Andrew Chafin","8/13/2014"
"TEX Andrew Faulkner","TEX","RP","faula001","Andrew Faulkner","8/31/2015"
"LAA Andrew Heaney","LAA","SP","heana001","Andrew Heaney","6/19/2014"
"ATL Andrew McKirahan","ATL","RP","mckia001","Andrew McKirahan","4/12/2015"
"NYY Andrew Miller","NYY","RP","milla002","Andrew Miller","8/30/2006"
"LAA Andrew Taylor","LAA","RP","tayla002","Andrew Taylor","9/27/2012"
"OAK Andrew Werner","OAK","SP","werna001","Andrew Werner","8/22/2012"
"PHI Andy Oliver","PHI","RP","oliva002","Andy Oliver","6/25/2010"
"OAK Angel Castro","OAK","RP","casta004","Angel Castro","5/9/2015"
"DET Angel Nesbitt","DET","RP","nesba001","Angel Nesbitt","4/8/2015"
"DET Anibal Sanchez","DET","SP","sanca004","Anibal Sanchez","6/25/2006"
"SEA Anthony Bass","SEA","RP","bassa001","Anthony Bass","6/13/2011"
"CIN Anthony DeSclafani","CIN","SP","desca001","Anthony DeSclafani","5/14/2014"
"CWS Anthony Ranaudo","CWS","SP","ranaa001","Anthony Ranaudo","8/1/2014"
"NYY Anthony Swarzak","NYY","RP","swara001","Anthony Swarzak","5/23/2009"
"BOS Anthony Varvaro","BOS","RP","varva001","Anthony Varvaro","9/24/2010"
"NYM Antonio Bastardo","NYM","RP","basta001","Antonio Bastardo","6/2/2009"
"ARI Archie Bradley","ARI","SP","brada001","Archie Bradley","4/11/2015"
"MIL Ariel Pena","MIL","SP","penaa003","Ariel Pena","9/5/2015"
"TOR Arnold Leon","TOR","RP","leona001","Arnold Leon","4/22/2015"
"ATL Arodys Vizcaino","ATL","RP","vizca001","Arodys Vizcaino","8/10/2011"
"NYY Aroldis Chapman","NYY","RP","chapa001","Aroldis Chapman","8/31/2010"
"PIT Arquimedes Caminero","PIT","RP","camia001","Arquimedes Caminero","8/16/2013"
"MIA Asher Wojciechowski","MIA","SP","wojca001","Asher Wojciechowski","4/9/2015"
"CLE Austin Adams","CLE","RP","adama001","Austin Adams","7/12/2014"
"PHI B.J. Rosenberg","PHI","RP","roseb003","B.J. Rosenberg","6/9/2012"
"LAA Barry Enright","LAA","SP","enrib001","Barry Enright","6/30/2010"
"OAK Barry Zito","OAK","SP","zitob001","Barry Zito","7/22/2000"
"NYM Bartolo Colon","NYM","SP","colob001","Bartolo Colon","4/4/1997"
"TOR Ben Rowen","TOR","RP","roweb001","Ben Rowen","6/15/2014"
"CIN Bill Bray","CIN","RP","brayb001","Bill Bray","6/3/2006"
"SD Billy Buckner","SD","SP","buckb002","Billy Buckner","8/25/2007"
"MIL Blaine Boyer","MIL","RP","boyeb001","Blaine Boyer","6/12/2005"
"DET Blaine Hardy","DET","RP","hardb001","Blaine Hardy","6/16/2014"
"SEA Blake Beavan","SEA","SP","beavb001","Blake Beavan","7/3/2011"
"CHC Blake Parker","CHC","RP","parkb001","Blake Parker","5/17/2012"
"WSH Blake Treinen","WSH","RP","treib001","Blake Treinen","4/12/2014"
"CIN Blake Wood","CIN","RP","woodb004","Blake Wood","5/12/2010"
"TOR Bo Schultz","TOR","RP","schub001","Bo Schultz","3/23/2014"
"TOR Bobby Korecky","TOR","RP","koreb001","Bobby Korecky","4/26/2008"
"PHI Bobby LaFromboise","PHI","RP","lafrb001","Bobby LaFromboise","4/10/2013"
"DET Bobby Parnell","DET","RP","parnb001","Bobby Parnell","9/15/2008"
"COL Boone Logan","COL","RP","logab001","Boone Logan","4/4/2006"
"TB Brad Boxberger","TB","RP","boxbb001","Brad Boxberger","6/10/2012"
"BAL Brad Brach","BAL","RP","bracb001","Brad Brach","8/31/2011"
"SD Brad Hand","SD","RP","handb001","Brad Hand","6/7/2011"
"PHI Brad Lincoln","PHI","RP","lincb001","Brad Lincoln","6/9/2010"
"OAK Brad Mills","OAK","RP","millb001","Brad Mills","6/18/2009"
"HOU Brad Peacock","HOU","SP","peacb001","Brad Peacock","9/6/2011"
"MIA Brad Penny","MIA","SP","pennb002","Brad Penny","4/7/2000"
"ARI Brad Ziegler","ARI","RP","ziegb001","Brad Ziegler","5/31/2008"
"ARI Bradin Hagens","ARI","SP","hageb001","Bradin Hagens","8/14/2014"
"NYY Branden Pinder","NYY","RP","pindb001","Branden Pinder","4/15/2015"
"LAD Brandon Beachy","LAD","SP","beacb001","Brandon Beachy","9/20/2010"
"PIT Brandon Cumpton","PIT","SP","cumpb001","Brandon Cumpton","6/15/2013"
"ATL Brandon Cunniff","ATL","RP","cunnb001","Brandon Cunniff","4/7/2015"
"CIN Brandon Finnegan","CIN","SP","finnb001","Brandon Finnegan","9/6/2014"
"TB Brandon Gomes","TB","RP","gomeb001","Brandon Gomes","5/3/2011"
"MIN Brandon Kintzler","MIN","RP","kintb001","Brandon Kintzler","9/10/2010"
"LAD Brandon League","LAD","RP","leagb001","Brandon League","9/21/2004"
"NYM Brandon Lyon","NYM","RP","lyonb003","Brandon Lyon","8/4/2001"
"SD Brandon Maurer","SD","RP","maurb001","Brandon Maurer","4/4/2013"
"LAD Brandon McCarthy","LAD","SP","mccab001","Brandon McCarthy","5/22/2005"
"SD Brandon Morrow","SD","SP","morrb001","Brandon Morrow","4/3/2007"
"BOS Brandon Workman","BOS","SP","workb001","Brandon Workman","7/10/2013"
"BOS Brayan Villarreal","BOS","RP","villb002","Brayan Villarreal","4/2/2011"
"LAD Brett Anderson","LAD","SP","andeb004","Brett Anderson","4/10/2009"
"SF Brett Bochy","SF","RP","bochb003","Brett Bochy","9/13/2014"
"TOR Brett Cecil","TOR","RP","cecib001","Brett Cecil","5/5/2009"
"CIN Brett Marshall","CIN","SP","marsb001","Brett Marshall","5/15/2013"
"PHI Brett Oberholtzer","PHI","RP","oberb001","Brett Oberholtzer","4/21/2013"
"BAL Brian Duensing","BAL","RP","duenb001","Brian Duensing","4/10/2009"
"MIA Brian Ellington","MIA","RP","ellib001","Brian Ellington","8/3/2015"
"KC Brian Flynn","KC","RP","flynb001","Brian Flynn","9/4/2013"
"BOS Brian Johnson","BOS","SP","johnb004","Brian Johnson","7/21/2015"
"ATL Brian Matusz","ATL","RP","matub001","Brian Matusz","8/4/2009"
"CHC Brian Schlitter","CHC","RP","schlb001","Brian Schlitter","6/28/2010"
"LAD Brian Wilson","LAD","RP","wilsb001","Brian Wilson","4/23/2006"
"LAD Bronson Arroyo","LAD","SP","arrob001","Bronson Arroyo","6/12/2000"
"LAD Brooks Brown","LAD","RP","browb005","Brooks Brown","7/6/2014"
"LAA Brooks Raley","LAA","SP","raleb001","Brooks Raley","8/7/2012"
"NYY Bruce Billings","NYY","RP","billb002","Bruce Billings","5/27/2011"
"CLE Bruce Chen","CLE","RP","chenb001","Bruce Chen","9/7/1998"
"DET Bruce Rondon","DET","RP","rondb001","Bruce Rondon","4/25/2013"
"NYY Bryan Mitchell","NYY","RP","mitcb001","Bryan Mitchell","8/10/2014"
"MIA Bryan Morris","MIA","RP","morrb002","Bryan Morris","9/14/2012"
"CLE Bryan Price","CLE","RP","pricb001","Bryan Price","9/1/2014"
"CLE Bryan Shaw","CLE","RP","shawb001","Bryan Shaw","6/10/2011"
"DET Buck Farmer","DET","RP","farmb001","Buck Farmer","8/13/2014"
"ATL Bud Norris","ATL","RP","norrb001","Bud Norris","7/29/2009"
"MIN Buddy Boshers","MIN","RP","boshb001","Buddy Boshers","8/10/2013"
"NYM Buddy Carlyle","NYM","RP","carlb001","Buddy Carlyle","8/29/1999"
"TB Burch Smith","TB","SP","smitb005","Burch Smith","5/11/2013"
"WSH Burke Badenhop","WSH","RP","badeb001","Burke Badenhop","4/9/2008"
"CLE C.C. Lee","CLE","RP","lee-c004","C.C. Lee","7/14/2013"
"HOU Chuckie Fick","HOU","RP","fickc001","Chuckie Fick","5/26/2012"
"CHC C.J. Riefenhauser","CHC","RP","riefc001","C.J. Riefenhauser","4/19/2014"
"LAA C.J. Wilson","LAA","SP","wilsc004","C.J. Wilson","6/10/2005"
"CIN Caleb Cotham","CIN","RP","cothc001","Caleb Cotham","7/29/2015"
"SD Caleb Thielbar","SD","RP","thiec001","Caleb Thielbar","5/20/2013"
"LAA Cam Bedrosian","LAA","RP","bedrc001","Cam Bedrosian","6/3/2014"
"CHC Carl Edwards","CHC","RP","edwac001","Carl Edwards","9/7/2015"
"CLE Carlos Carrasco","CLE","SP","carrc003","Carlos Carrasco","9/1/2009"
"CIN Carlos Contreras","CIN","RP","contc001","Carlos Contreras","6/21/2014"
"LAD Carlos Frias","LAD","SP","friac001","Carlos Frias","8/4/2014"
"BOS Carlos Marmol","BOS","SP","marmc001","Carlos Marmol","6/4/2006"
"STL Carlos Martinez","STL","SP","martc006","Carlos Martinez","5/3/2013"
"CWS Carlos Rodon","CWS","SP","rodoc001","Carlos Rodon","4/21/2015"
"MIL Carlos Torres","MIL","RP","torrc001","Carlos Torres","7/22/2009"
"SD Carlos Villanueva","SD","RP","villc001","Carlos Villanueva","5/23/2006"
"MIA Carlos Zambrano","MIA","P","zambc001","Carlos Zambrano","8/20/2001"
"BOS Carson Smith","BOS","RP","smitc004","Carson Smith","9/1/2014"
"MIA Carter Capps","MIA","RP","cappc001","Carter Capps","8/3/2012"
"KC Casey Coleman","KC","RP","colec001","Casey Coleman","8/2/2010"
"DET Casey Crosby","DET","SP","crosc001","Casey Crosby","6/1/2012"
"LAD Casey Fien","LAD","RP","fienc001","Casey Fien","7/26/2009"
"SD Casey Janssen","SD","RP","jansc001","Casey Janssen","4/27/2006"
"ATL Casey Kelly","ATL","RP","kellc001","Casey Kelly","8/27/2012"
"PIT Casey Sadler","PIT","SP","sadlc002","Casey Sadler","5/2/2014"
"NYY CC Sabathia","NYY","SP","sabac001","CC Sabathia","4/8/2001"
"BAL Cesar Cabral","BAL","RP","cabrc001","Cesar Cabral","9/2/2013"
"MIL Cesar Jimenez","MIL","RP","jimec002","Cesar Jimenez","9/11/2006"
"TEX Cesar Ramos","TEX","SP","ramoc001","Cesar Ramos","9/16/2009"
"COL Chad Bettis","COL","SP","bettc001","Chad Bettis","8/1/2013"
"PHI Chad Billingsley","PHI","SP","billc001","Chad Billingsley","6/15/2006"
"PHI Chad Durbin","PHI","RP","durbc001","Chad Durbin","9/26/1999"
"PHI Chad Gaudin","PHI","RP","gaudc001","Chad Gaudin","8/1/2003"
"TOR Chad Jenkins","TOR","RP","jenkc001","Chad Jenkins","8/7/2012"
"COL Chad Qualls","COL","RP","qualc001","Chad Qualls","7/22/2004"
"LAA Chad Smith","LAA","RP","smitc003","Chad Smith","6/22/2014"
"SEA Chance Ruffin","SEA","RP","ruffc001","Chance Ruffin","7/25/2011"
"SEA Charles Brewer","SEA","RP","brewc001","Charles Brewer","6/10/2013"
"SEA Charlie Furbush","SEA","RP","furbc001","Charlie Furbush","5/23/2011"
"CWS Charlie Leesman","CWS","SP","leesc001","Charlie Leesman","8/9/2013"
"PHI Charlie Morton","PHI","SP","mortc002","Charlie Morton","6/14/2008"
"MIL Chase Anderson","MIL","SP","andec001","Chase Anderson","5/11/2014"
"TB Chase Whitley","TB","RP","whitc001","Chase Whitley","5/15/2014"
"NYY Chasen Shreve","NYY","RP","shrec001","Chasen Shreve","7/19/2014"
"BAL Chaz Roe","BAL","RP","roe-c001","Chaz Roe","7/1/2013"
"TEX Chi Chi Gonzalez","TEX","SP","gonzc002","Chi Chi Gonzalez","5/30/2015"
"HOU Chia-Jen Lo","HOU","RP","lo--c001","Chia-Jen Lo","7/31/2013"
"KC Chien-Ming Wang","KC","RP","wangc001","Chien-Ming Wang","4/30/2005"
"LAD Chin-hui Tsao","LAD","RP","tsaoc001","Chin-hui Tsao","7/25/2003"
"TB Chris Archer","TB","SP","archc001","Chris Archer","6/20/2012"
"OAK Chris Bassitt","OAK","SP","bassc001","Chris Bassitt","8/30/2014"
"CWS Chris Beck","CWS","SP","beckc002","Chris Beck","5/28/2015"
"NYY Chris Bootcheck","NYY","RP","bootc001","Chris Bootcheck","9/9/2003"
"MIL Chris Capuano","MIL","RP","capuc001","Chris Capuano","5/4/2003"
"KC Chris Dwyer","KC","RP","dwyec001","Chris Dwyer","9/24/2013"
"LAD Chris Hatcher","LAD","RP","hatcc002","Chris Hatcher","9/19/2010"
"SF Chris Heston","SF","SP","hestc001","Chris Heston","9/13/2014"
"PHI Chris Leroux","PHI","RP","leroc001","Chris Leroux","5/26/2009"
"NYY Chris Martin","NYY","RP","martc007","Chris Martin","4/26/2014"
"MIA Chris Narveson","MIA","RP","narvc001","Chris Narveson","9/8/2006"
"MIL Chris Perez","MIL","RP","perec002","Chris Perez","5/16/2008"
"SD Chris Rearick","SD","RP","rearc001","Chris Rearick","4/12/2015"
"MIA Chris Reed","MIA","RP","reedc001","Chris Reed","8/1/2015"
"OAK Chris Resop","OAK","RP","resoc001","Chris Resop","6/28/2005"
"COL Chris Rusin","COL","SP","rusic001","Chris Rusin","8/21/2012"
"CWS Chris Sale","CWS","SP","salec001","Chris Sale","8/6/2010"
"NYM Chris Schwinden","NYM","SP","schwc001","Chris Schwinden","9/8/2011"
"BAL Chris Tillman","BAL","SP","tillc001","Chris Tillman","7/29/2009"
"ATL Chris Volstad","ATL","RP","volsc001","Chris Volstad","7/6/2008"
"ATL Chris Withrow","ATL","RP","withc001","Chris Withrow","6/12/2013"
"KC Chris Young","KC","SP","younc003","Chris Young","8/24/2004"
"COL Christian Bergman","COL","RP","bergc001","Christian Bergman","6/9/2014"
"SD Christian Friedrich","SD","SP","friec001","Christian Friedrich","5/9/2012"
"WSH Christian Garcia","WSH","RP","garcc002","Christian Garcia","9/4/2012"
"BOS Clay Buchholz","BOS","SP","buchc001","Clay Buchholz","8/17/2007"
"LAA Clay Rapada","LAA","RP","rapac001","Clay Rapada","6/14/2007"
"LAD Clayton Kershaw","LAD","SP","kersc001","Clayton Kershaw","5/25/2008"
"BOS Clayton Mortensen","BOS","RP","mortc003","Clayton Mortensen","6/29/2009"
"CHC Clayton Richard","CHC","RP","richc002","Clayton Richard","7/23/2008"
"PHI Cliff Lee","PHI","SP","lee-c003","Cliff Lee","9/15/2002"
"CLE Cody Allen","CLE","RP","allec002","Cody Allen","7/20/2012"
"CLE Cody Anderson","CLE","SP","andec002","Cody Anderson","6/21/2015"
"NYY Cody Eppley","NYY","RP","epplc001","Cody Eppley","4/23/2011"
"MIA Cody Hall","MIA","RP","hallc001","Cody Hall","9/3/2015"
"SEA Cody Martin","SEA","RP","martc008","Cody Martin","4/7/2015"
"TEX Colby Lewis","TEX","SP","lewic001","Colby Lewis","4/1/2002"
"TEX Cole Hamels","TEX","SP","hamec001","Cole Hamels","5/12/2006"
"SD Colin Rea","SD","SP","rea-c001","Colin Rea","8/11/2015"
"CIN Collin Balester","CIN","RP","balec001","Collin Balester","7/1/2008"
"HOU Collin McHugh","HOU","SP","mchuc001","Collin McHugh","8/23/2012"
"TOR Colt Hynes","TOR","RP","hynec001","Colt Hynes","7/14/2013"
"PHI Colton Murray","PHI","RP","murrc002","Colton Murray","9/2/2015"
"CLE Corey Kluber","CLE","SP","klubc001","Corey Kluber","9/1/2011"
"MIL Corey Knebel","MIL","RP","knebc001","Corey Knebel","5/24/2014"
"TOR Cory Burns","TOR","RP","burnc001","Cory Burns","8/4/2012"
"SF Cory Gearrin","SF","RP","gearc001","Cory Gearrin","4/25/2011"
"PIT Cory Luebke","PIT","RP","luebc001","Cory Luebke","9/3/2010"
"SD Cory Mazzoni","SD","RP","mazzc001","Cory Mazzoni","4/27/2015"
"LAA Cory Rasmus","LAA","RP","rasmc002","Cory Rasmus","5/22/2013"
"TOR Cory Wade","TOR","RP","wadec001","Cory Wade","4/24/2008"
"MIA Craig Breslow","MIA","RP","bresc001","Craig Breslow","7/23/2005"
"BOS Craig Kimbrel","BOS","RP","kimbc001","Craig Kimbrel","5/7/2010"
"WSH Craig Stammen","WSH","RP","stamc001","Craig Stammen","5/21/2009"
"PIT Curtis Partch","PIT","RP","partc001","Curtis Partch","6/9/2013"
"NYM Daisuke Matsuzaka","NYM","RP","matsd001","Daisuke Matsuzaka","4/5/2007"
"BAL Dale Thayer","BAL","RP","thayd001","Dale Thayer","5/22/2009"
"PHI Dalier Hinojosa","PHI","RP","hinod001","Dalier Hinojosa","5/3/2015"
"CHC Dallas Beeler","CHC","SP","beeld001","Dallas Beeler","6/28/2014"
"HOU Dallas Keuchel","HOU","SP","keucd001","Dallas Keuchel","6/17/2012"
"CHC Dan Haren","CHC","SP","hared001","Dan Haren","6/30/2003"
"CWS Dan Jennings","CWS","RP","jennd003","Dan Jennings","4/30/2012"
"CLE Dan Otero","CLE","RP","oterd001","Dan Otero","4/7/2012"
"SF Dan Runzler","SF","RP","runzd001","Dan Runzler","9/4/2009"
"CIN Dan Straily","CIN","SP","strad003","Dan Straily","8/3/2012"
"CLE Dan Wheeler","CLE","RP","wheed001","Dan Wheeler","9/1/1999"
"TB Dana Eveland","TB","RP","eveld001","Dana Eveland","7/16/2005"
"LAA Dane de la Rosa","LAA","RP","delad001","Dane de la Rosa","7/20/2011"
"CHC Daniel Bard","CHC","RP","bardd001","Daniel Bard","5/13/2009"
"LAD Daniel Corcino","LAD","SP","corcd001","Daniel Corcino","8/26/2014"
"OAK Daniel Coulombe","OAK","RP","could001","Daniel Coulombe","9/16/2014"
"ARI Daniel Hudson","ARI","RP","hudsd001","Daniel Hudson","9/4/2009"
"TEX Daniel McCutchen","TEX","SP","mccud001","Daniel McCutchen","8/31/2009"
"DET Daniel Norris","DET","RP","norrd002","Daniel Norris","9/5/2014"
"DET Daniel Schlereth","DET","RP","schld001","Daniel Schlereth","5/29/2009"
"LAA Daniel Stange","LAA","RP","stand001","Daniel Stange","4/29/2010"
"CWS Daniel Webb","CWS","RP","webbd001","Daniel Webb","9/4/2013"
"ATL Daniel Winkler","ATL","RP","winkd001","Daniel Winkler","9/21/2015"
"ATL Danny Burawa","ATL","RP","burad001","Danny Burawa","6/21/2015"
"KC Danny Duffy","KC","RP","duffd001","Danny Duffy","5/18/2011"
"TB Danny Farquhar","TB","RP","farqd001","Danny Farquhar","9/13/2011"
"CLE Danny Salazar","CLE","SP","salad001","Danny Salazar","7/11/2013"
"HOU Darin Downs","HOU","RP","downd001","Darin Downs","7/3/2012"
"ATL Dario Alvarez","ATL","RP","alvad001","Dario Alvarez","9/3/2014"
"BAL Darren O'Day","BAL","RP","odayd001","Darren O'Day","3/31/2008"
"ATL David Aardsma","ATL","RP","aardd001","David Aardsma","4/6/2004"
"PHI David Buchanan","PHI","SP","buchd001","David Buchanan","5/24/2014"
"TB David Carpenter","TB","RP","carpd001","David Carpenter","6/30/2011"
"ATL David Carpenter","ATL","RP","carpd002","David Carpenter","4/13/2012"
"MIL David Goforth","MIL","RP","gofod001","David Goforth","5/26/2015"
"BAL David Hale","BAL","SP","haled001","David Hale","9/13/2013"
"PHI David Hernandez","PHI","RP","hernd002","David Hernandez","5/28/2009"
"ATL David Holmberg","ATL","SP","holmd002","David Holmberg","8/27/2013"
"LAA David Huff","LAA","SP","huffd001","David Huff","5/17/2009"
"HOU David Martinez","HOU","RP","martd005","David Martinez","8/21/2013"
"TOR David Pauley","TOR","SP","pauld001","David Pauley","5/31/2006"
"MIA David Phelps","MIA","RP","pheld001","David Phelps","4/8/2012"
"BOS David Price","BOS","SP","pricd001","David Price","9/14/2008"
"CWS David Purcey","CWS","SP","purcd001","David Purcey","4/18/2008"
"CWS David Robertson","CWS","RP","robed002","David Robertson","6/29/2008"
"SEA David Rollins","SEA","RP","rolld002","David Rollins","7/4/2015"
"NYY Dellin Betances","NYY","RP","betad001","Dellin Betances","9/22/2011"
"LAA Deolis Guerra","LAA","RP","guerd001","Deolis Guerra","6/27/2015"
"TEX Derek Holland","TEX","SP","holld003","Derek Holland","4/22/2009"
"CWS Deunte Heath","CWS","RP","heatd001","Deunte Heath","9/1/2012"
"NYY Diego Moreno","NYY","RP","mored001","Diego Moreno","6/22/2015"
"KC Dillon Gee","KC","RP","gee-d001","Dillon Gee","9/7/2010"
"ARI Dominic Leone","ARI","RP","leond003","Dominic Leone","4/6/2014"
"SEA Donn Roach","SEA","SP","roacd001","Donn Roach","4/2/2014"
"MIA Donnie Joseph","MIA","RP","josed001","Donnie Joseph","7/11/2013"
"TEX Donnie Veal","TEX","RP","veald001","Donnie Veal","4/7/2009"
"CIN Donovan Hand","CIN","RP","handd001","Donovan Hand","5/26/2013"
"HOU Doug Fister","HOU","SP","fistd001","Doug Fister","8/8/2009"
"CHC Drake Britton","CHC","RP","britd001","Drake Britton","7/20/2013"
"TOR Andrew Carpenter","TOR","RP","carpa001","Andrew Carpenter","8/27/2008"
"TOR Drew Hutchison","TOR","SP","hutcd001","Drew Hutchison","4/21/2012"
"SD Drew Pomeranz","SD","SP","pomed001","Drew Pomeranz","9/11/2011"
"LAA Drew Rucinski","LAA","RP","rucid001","Drew Rucinski","7/10/2014"
"TB Drew Smyly","TB","SP","smyld001","Drew Smyly","4/12/2012"
"TOR Drew Storen","TOR","RP","stord001","Drew Storen","5/17/2010"
"DET Drew VerHagen","DET","RP","verhd001","Drew VerHagen","7/19/2014"
"MIA Duane Below","MIA","RP","belod001","Duane Below","7/20/2011"
"PIT Duke Welker","PIT","RP","welkd001","Duke Welker","6/23/2013"
"MIA Dustin McGowan","MIA","RP","mcgod001","Dustin McGowan","7/30/2005"
"CIN Dylan Axelrod","CIN","RP","axeld001","Dylan Axelrod","9/7/2011"
"BAL Dylan Bundy","BAL","RP","bundd001","Dylan Bundy","9/23/2012"
"COL Eddie Butler","COL","SP","butle001","Eddie Butler","6/6/2014"
"HOU Edgar Gonzalez","HOU","RP","gonze001","Edgar Gonzalez","6/1/2003"
"LAA Edgar Ibarra","LAA","RP","ibare001","Edgar Ibarra","6/2/2015"
"CHC Edgar Olmos","CHC","RP","olmoe001","Edgar Olmos","6/3/2013"
"SF Edgmer Escalona","SF","SP","escae001","Edgmer Escalona","9/10/2010"
"KC Edinson Volquez","KC","SP","volqe001","Edinson Volquez","8/30/2005"
"BOS Eduardo Rodriguez","BOS","SP","rodre004","Eduardo Rodriguez","5/28/2015"
"CHC Eduardo Sanchez","CHC","RP","sance001","Eduardo Sanchez","4/13/2011"
"TEX Edwar Cabrera","TEX","RP","cabre002","Edwar Cabrera","6/27/2012"
"PHI Edward Mujica","PHI","RP","mujie001","Edward Mujica","6/21/2006"
"ARI Edwin Escobar","ARI","SP","escoe002","Edwin Escobar","8/27/2014"
"MIA Edwin Jackson","MIA","RP","jacke001","Edwin Jackson","9/9/2003"
"PIT Elvin Ramirez","PIT","RP","ramie005","Elvin Ramirez","6/3/2012"
"PHI Elvis Araujo","PHI","RP","araue001","Elvis Araujo","5/5/2015"
"HOU Enerio Del Rosario","HOU","RP","delre001","Enerio Del Rosario","5/24/2010"
"TB Enny Romero","TB","RP","romee002","Enny Romero","9/22/2013"
"ARI Enrique Burgos","ARI","RP","burge002","Enrique Burgos","4/29/2015"
"TB Erasmo Ramirez","TB","RP","ramie004","Erasmo Ramirez","4/9/2012"
"WSH Eric Fornataro","WSH","RP","forne001","Eric Fornataro","4/21/2014"
"MIA Eric Jokisch","MIA","SP","jokie001","Eric Jokisch","9/7/2014"
"ATL Eric O'Flaherty","ATL","RP","oflae001","Eric O'Flaherty","8/16/2006"
"LAD Eric Stults","LAD","SP","stule002","Eric Stults","9/5/2006"
"OAK Eric Surkamp","OAK","SP","surke001","Eric Surkamp","8/27/2011"
"TB Erik Bedard","TB","SP","bedae001","Erik Bedard","4/17/2002"
"MIA Erik Cordier","MIA","SP","corde001","Erik Cordier","9/3/2014"
"WSH Erik Davis","WSH","RP","davie002","Erik Davis","6/2/2013"
"NYM Erik Goeddel","NYM","RP","goede001","Erik Goeddel","9/1/2014"
"SD Erik Johnson","SD","SP","johne003","Erik Johnson","9/4/2013"
"TB Ernesto Frieri","TB","RP","friee001","Ernesto Frieri","9/26/2009"
"MIN Ervin Santana","MIN","SP","sante001","Ervin Santana","5/17/2005"
"NYY Esmil Rogers","NYY","RP","rogee002","Esmil Rogers","9/12/2009"
"PHI Ethan Martin","PHI","RP","marte002","Ethan Martin","8/2/2013"
"SD Eury de la Rosa","SD","RP","delae002","Eury de la Rosa","7/14/2013"
"TOR Evan Crawford","TOR","RP","crawe001","Evan Crawford","4/15/2012"
"ARI Evan Marshall","ARI","RP","marse001","Evan Marshall","5/6/2014"
"BAL Evan Meek","BAL","RP","meeke001","Evan Meek","4/2/2008"
"DET Evan Reed","DET","RP","reede002","Evan Reed","5/16/2013"
"SEA Evan Scribner","SEA","RP","scrie001","Evan Scribner","4/26/2011"
"TB Everett Teaford","TB","RP","teafe001","Everett Teaford","5/17/2011"
"BOS Felipe Paulino","BOS","SP","paulf001","Felipe Paulino","9/5/2007"
"WSH Felipe Rivero","WSH","RP","rivef001","Felipe Rivero","4/17/2015"
"OAK Felix Doubront","OAK","SP","doubf001","Felix Doubront","6/18/2010"
"SEA Felix Hernandez","SEA","SP","hernf002","Felix Hernandez","8/4/2005"
"MIN Fernando Abad","MIN","RP","abadf001","Fernando Abad","7/28/2010"
"SD Fernando Rodney","SD","RP","rodnf001","Fernando Rodney","5/4/2002"
"OAK Fernando Rodriguez","OAK","RP","rodrf004","Fernando Rodriguez","5/2/2009"
"LAA Fernando Salas","LAA","RP","salaf001","Fernando Salas","5/28/2010"
"PIT Francisco Liriano","PIT","SP","lirif001","Francisco Liriano","9/5/2005"
"LAA Francisco Rodriguez","LAA","RP","rodrf005","Francisco Rodriguez","4/15/2010"
"DET Francisco Rodriguez","DET","RP","rodrf003","Francisco Rodriguez","9/18/2002"
"KC Francisley Bueno","KC","RP","buenf001","Francisley Bueno","8/13/2008"
"CWS Frank Francisco","CWS","RP","franf001","Frank Francisco","5/14/2004"
"SD Frank Garces","SD","RP","garcf003","Frank Garces","8/19/2014"
"CLE Frank Herrmann","CLE","RP","herrf001","Frank Herrmann","6/4/2010"
"LAD Frankie Montas","LAD","SP","montf001","Frankie Montas","9/2/2015"
"TOR Franklin Morales","TOR","RP","moraf001","Franklin Morales","8/18/2007"
"ATL Freddy Garcia","ATL","SP","garcf002","Freddy Garcia","4/7/1999"
"LAA Garrett Richards","LAA","SP","richg002","Garrett Richards","8/10/2011"
"TOR Gavin Floyd","TOR","RP","floyg001","Gavin Floyd","9/3/2004"
"SF George Kontos","SF","RP","kontg001","George Kontos","9/10/2011"
"KC George Sherrill","KC","RP","sherg001","George Sherrill","7/16/2004"
"PIT Gerrit Cole","PIT","SP","coleg001","Gerrit Cole","6/11/2013"
"WSH Gio Gonzalez","WSH","SP","gonzg003","Gio Gonzalez","8/6/2008"
"CHC Giovanni Soto","CHC","RP","sotog002","Giovanni Soto","9/5/2015"
"MIN Glen Perkins","MIN","RP","perkg001","Glen Perkins","9/21/2006"
"COL Gonzalez Germen","COL","RP","germg001","Gonzalez Germen","7/12/2013"
"OAK Graham Godfrey","OAK","SP","godfg001","Graham Godfrey","6/10/2011"
"TB Grant Balfour","TB","RP","balfg001","Grant Balfour","7/22/2001"
"PHI Greg Burke","PHI","RP","burkg001","Greg Burke","5/16/2009"
"KC Greg Holland","KC","RP","hollg001","Greg Holland","8/2/2010"
"PIT Guido Knudson","PIT","RP","knudg001","Guido Knudson","8/22/2015"
"ATL Gus Schlosser","ATL","RP","schlg001","Gus Schlosser","3/31/2014"
"NYM Hansel Robles","NYM","RP","roblh001","Hansel Robles","4/24/2015"
"WSH Heath Bell","WSH","RP","bellh001","Heath Bell","8/24/2004"
"BOS Heath Hembree","BOS","RP","hembh001","Heath Hembree","9/3/2013"
"SD Hector Ambriz","SD","RP","ambrh001","Hector Ambriz","4/30/2010"
"PHI Hector Neris","PHI","RP","nerih001","Hector Neris","8/5/2014"
"CWS Hector Noesi","CWS","SP","noesh001","Hector Noesi","5/18/2011"
"CHC Hector Rondon","CHC","RP","rondh001","Hector Rondon","4/3/2013"
"LAA Hector Santiago","LAA","SP","santh001","Hector Santiago","7/6/2011"
"OAK Henderson Alvarez","OAK","SP","alvah001","Henderson Alvarez","8/10/2011"
"MIA Henry Rodriguez","MIA","RP","rodrh002","Henry Rodriguez","9/21/2009"
"BOS Henry Owens","BOS","SP","owenh002","Henry Owens","8/4/2015"
"MIL Hiram Burgos","MIL","SP","burgh001","Hiram Burgos","4/20/2013"
"NYY Hiroki Kuroda","NYY","SP","kuroh001","Hiroki Kuroda","4/4/2008"
"SEA Hisashi Iwakuma","SEA","SP","iwakh001","Hisashi Iwakuma","4/20/2012"
"CIN Homer Bailey","CIN","SP","bailh001","Homer Bailey","6/8/2007"
"SF Hunter Strickland","SF","RP","strih001","Hunter Strickland","9/1/2014"
"LAA Huston Street","LAA","RP","streh001","Huston Street","4/6/2005"
"LAD Hyun-Jin Ryu","LAD","SP","ryu-h001","Hyun-Jin Ryu","4/2/2013"
"KC Ian Kennedy","KC","SP","kenni001","Ian Kennedy","9/1/2007"
"ATL Ian Krol","ATL","RP","kroli001","Ian Krol","6/5/2013"
"LAD Ian Thomas","LAD","RP","thomi001","Ian Thomas","3/31/2014"
"NYY Ivan Nova","NYY","SP","novai001","Ivan Nova","5/13/2010"
"TOR J.A. Happ","TOR","SP","happj001","J.A. Happ","6/30/2007"
"CIN J.J. Hoover","CIN","RP","hoovj002","J.J. Hoover","4/25/2012"
"LAD J.P. Howell","LAD","RP","howej003","J.P. Howell","6/11/2005"
"NYY J.R. Graham","NYY","RP","grahj002","J.R. Graham","4/6/2015"
"CHC Jack Leathersich","CHC","RP","leatj001","Jack Leathersich","4/29/2015"
"NYM Jacob deGrom","NYM","SP","degrj001","Jacob deGrom","5/15/2014"
"NYY Jacob Lindgren","NYY","RP","lindj005","Jacob Lindgren","5/25/2015"
"CWS Jacob Turner","CWS","SP","turnj002","Jacob Turner","7/30/2011"
"STL Jaime Garcia","STL","SP","garcj004","Jaime Garcia","7/11/2008"
"COL Jair Jurrjens","COL","SP","jurrj001","Jair Jurrjens","8/15/2007"
"CWS Luis Valdez","CWS","RP","valdl001","Luis Valdez","7/12/2009"
"COL Jairo Diaz","COL","RP","diazj006","Jairo Diaz","9/8/2014"
"CHC Jake Arrieta","CHC","SP","arrij001","Jake Arrieta","6/10/2010"
"ATL Jake Brigham","ATL","RP","brigj001","Jake Brigham","6/30/2015"
"HOU Jake Buchanan","HOU","RP","buchj001","Jake Buchanan","6/21/2014"
"TEX Jake Diekman","TEX","RP","diekj001","Jake Diekman","5/15/2012"
"SF Jake Dunning","SF","RP","dunnj001","Jake Dunning","6/16/2013"
"COL Jake McGee","COL","RP","mcgej001","Jake McGee","9/14/2010"
"TB Jake Odorizzi","TB","SP","odorj001","Jake Odorizzi","9/23/2012"
"SF Jake Peavy","SF","SP","peavj001","Jake Peavy","6/22/2002"
"CWS Jake Petricka","CWS","RP","petrj001","Jake Petricka","8/22/2013"
"CHC James McDonald","CHC","SP","mcdoj004","James McDonald","9/17/2008"
"SEA James Paxton","SEA","SP","paxtj001","James Paxton","9/7/2013"
"NYY James Pazos","NYY","RP","pazoj001","James Pazos","9/5/2015"
"PHI James Russell","PHI","RP","russj003","James Russell","4/5/2010"
"CWS James Shields","CWS","SP","shiej002","James Shields","5/31/2006"
"TEX Jamey Wright","TEX","RP","wrigj001","Jamey Wright","7/3/1996"
"NYY Jared Burton","NYY","RP","burtj001","Jared Burton","4/4/2007"
"PIT Jared Hughes","PIT","RP","hughj001","Jared Hughes","9/7/2011"
"MIA Jarred Cosart","MIA","SP","cosaj001","Jarred Cosart","7/12/2013"
"LAA Jarrett Grube","LAA","RP","grubj002","Jarrett Grube","5/31/2014"
"OAK Jarrod Parker","OAK","SP","parkj001","Jarrod Parker","9/27/2011"
"CHC Jason Berken","CHC","RP","berkj001","Jason Berken","5/26/2009"
"ATL Jason Frasor","ATL","RP","frasj002","Jason Frasor","4/16/2004"
"BAL Jason Garcia","BAL","RP","garcj005","Jason Garcia","4/8/2015"
"TOR Jason Grilli","TOR","RP","grilj001","Jason Grilli","5/11/2000"
"COL Jason Gurka","COL","RP","gurkj001","Jason Gurka","8/29/2015"
"CHC Jason Hammel","CHC","SP","hammj002","Jason Hammel","4/11/2006"
"SD Jason Lane","SD","RP","lanej001","Jason Lane","5/10/2002"
"CIN Jason Marquis","CIN","SP","marqj001","Jason Marquis","6/6/2000"
"COL Jason Motte","COL","RP","mottj001","Jason Motte","9/3/2008"
"KC Jason Vargas","KC","SP","vargj001","Jason Vargas","7/14/2005"
"SF Javier Lopez","SF","RP","lopej002","Javier Lopez","4/1/2003"
"LAA Javy Guerra","LAA","RP","guerj002","Javy Guerra","5/15/2011"
"SD Jay Jackson","SD","SP","jackj001","Jay Jackson","9/14/2015"
"LAA J.C. Ramirez","LAA","RP","ramij002","J.C. Ramirez","6/23/2013"
"BOS Jean Machi","BOS","RP","machj002","Jean Machi","9/3/2012"
"PHI Jeanmar Gomez","PHI","RP","gomej002","Jeanmar Gomez","7/18/2010"
"TB Jeff Beliveau","TB","RP","belij001","Jeff Beliveau","7/22/2012"
"DET Jeff Ferrell","DET","RP","ferrj001","Jeff Ferrell","7/4/2015"
"TOR Jeff Francis","TOR","RP","franj003","Jeff Francis","8/25/2004"
"PIT Jeff Locke","PIT","SP","lockj001","Jeff Locke","9/10/2011"
"CLE Jeff Manship","CLE","RP","mansj001","Jeff Manship","8/15/2009"
"SF Jeff Samardzija","SF","SP","samaj001","Jeff Samardzija","7/25/2008"
"NYM Jenrry Mejia","NYM","RP","mejij001","Jenrry Mejia","4/7/2010"
"PHI Jerad Eickhoff","PHI","SP","eickj001","Jerad Eickhoff","8/21/2015"
"LAA Jered Weaver","LAA","SP","weavj003","Jered Weaver","5/27/2006"
"SF Jeremy Affeldt","SF","RP","affej001","Jeremy Affeldt","4/6/2002"
"TEX Jeremy Guthrie","TEX","SP","guthj001","Jeremy Guthrie","8/28/2004"
"NYM Jeremy Hefner","NYM","SP","hefnj001","Jeremy Hefner","4/23/2012"
"PHI Jeremy Hellickson","PHI","SP","hellj001","Jeremy Hellickson","8/2/2010"
"PHI Jeremy Horst","PHI","RP","horsj001","Jeremy Horst","5/28/2011"
"MIL Jeremy Jeffress","MIL","RP","jeffj001","Jeremy Jeffress","9/1/2010"
"PHI Jerome Williams","PHI","SP","willj003","Jerome Williams","4/26/2003"
"NYM Jerry Blevins","NYM","RP","blevj001","Jerry Blevins","9/16/2007"
"TOR Jesse Chavez","TOR","RP","chavj001","Jesse Chavez","8/27/2008"
"HOU Jesse Crain","HOU","RP","craij001","Jesse Crain","8/5/2004"
"OAK Jesse Hahn","OAK","SP","hahnj001","Jesse Hahn","6/3/2014"
"NYM Jeurys Familia","NYM","RP","famij001","Jeurys Familia","9/4/2012"
"MIL Jhan Marinez","MIL","RP","marij001","Jhan Marinez","7/16/2010"
"LAA Jhoulys Chacin","LAA","SP","chacj001","Jhoulys Chacin","7/25/2009"
"NYM Jim Henderson","NYM","RP","hendj001","Jim Henderson","7/26/2012"
"ATL Jim Johnson","ATL","RP","johnj010","Jim Johnson","7/29/2006"
"NYY Jim Miller","NYY","RP","millj005","Jim Miller","9/1/2008"
"MIL Jimmy Nelson","MIL","SP","nelsj004","Jimmy Nelson","9/6/2013"
"LAA Jo-Jo Reyes","LAA","RP","reyej003","Jo-Jo Reyes","7/7/2007"
"KC Joakim Soria","KC","RP","sorij001","Joakim Soria","4/4/2007"
"SEA Joaquin Benoit","SEA","RP","benoj001","Joaquin Benoit","8/8/2001"
"CLE Joba Chamberlain","CLE","RP","chamj002","Joba Chamberlain","8/7/2007"
"SEA Joe Beimel","SEA","RP","beimj001","Joe Beimel","4/8/2001"
"LAD Joe Blanton","LAD","RP","blanj001","Joe Blanton","9/21/2004"
"BOS Joe Kelly","BOS","SP","kellj001","Joe Kelly","6/10/2012"
"CLE Joe Martinez","CLE","SP","martj004","Joe Martinez","4/7/2009"
"CHC Joe Nathan","CHC","RP","nathj001","Joe Nathan","4/21/1999"
"CHC Joe Ortiz","CHC","RP","ortij004","Joe Ortiz","3/31/2013"
"ARI Joe Paterson","ARI","RP","patej001","Joe Paterson","4/2/2011"
"WSH Joe Ross","WSH","SP","rossj002","Joe Ross","6/6/2015"
"BAL Joe Saunders","BAL","SP","saunj001","Joe Saunders","8/16/2005"
"CWS Joe Savery","CWS","RP","savej001","Joe Savery","9/20/2011"
"LAA Joe Smith","LAA","RP","smitj002","Joe Smith","4/1/2007"
"CLE Joe Thatcher","CLE","RP","thatj001","Joe Thatcher","7/26/2007"
"SEA Joe Wieland","SEA","SP","wielj001","Joe Wieland","4/14/2012"
"TOR Joel Carreno","TOR","RP","carrj002","Joel Carreno","8/23/2011"
"DET Joel Hanrahan","DET","RP","hanrj001","Joel Hanrahan","7/28/2007"
"SEA Joel Peralta","SEA","RP","peraj002","Joel Peralta","5/25/2005"
"BAL Johan Santana","BAL","SP","santj003","Johan Santana","4/3/2000"
"OAK John Axford","OAK","RP","axfoj001","John Axford","9/15/2009"
"BOS John Cornely","BOS","RP","cornj002","John Cornely","4/29/2015"
"CWS John Danks","CWS","SP","dankj001","John Danks","4/8/2007"
"HOU John Ely","HOU","SP","ely-j001","John Ely","4/28/2010"
"STL John Gast","STL","SP","gastj001","John Gast","5/14/2013"
"PIT John Holdzkom","PIT","RP","holdj001","John Holdzkom","9/2/2014"
"CHC John Lackey","CHC","SP","lackj001","John Lackey","6/24/2002"
"CIN John Lamb","CIN","SP","lambj002","John Lamb","8/14/2015"
"NYM John Lannan","NYM","RP","lannj001","John Lannan","7/26/2007"
"SF Johnny Cueto","SF","SP","cuetj001","Johnny Cueto","4/3/2008"
"MIL Johnny Hellweg","MIL","SP","hellj002","Johnny Hellweg","6/28/2013"
"SD Jon Edwards","SD","RP","edwaj001","Jon Edwards","8/15/2014"
"COL Jon Gray","COL","SP","grayj003","Jon Gray","8/4/2015"
"CHC Jon Lester","CHC","SP","lestj001","Jon Lester","6/10/2006"
"CIN Jon Moscot","CIN","SP","moscj001","Jon Moscot","6/5/2015"
"PIT Jon Niese","PIT","SP","niesj001","Jon Niese","9/2/2008"
"ARI Jonathan Albaladejo","ARI","RP","albaj001","Jonathan Albaladejo","9/5/2007"
"SEA Jonathan Aro","SEA","RP","aro-j001","Jonathan Aro","6/25/2015"
"STL Jonathan Broxton","STL","RP","broxj001","Jonathan Broxton","7/29/2005"
"WSH Jonathan Papelbon","WSH","RP","papej001","Jonathan Papelbon","7/31/2005"
"PHI Jonathan Pettibone","PHI","SP","pettj001","Jonathan Pettibone","4/22/2013"
"CIN Jonathan Sanchez","CIN","SP","sancj002","Jonathan Sanchez","5/28/2006"
"ATL Jonny Venters","ATL","RP","ventj001","Jonny Venters","4/17/2010"
"COL Jordan Lyles","COL","SP","lylej001","Jordan Lyles","5/31/2011"
"OAK Jordan Norberto","OAK","SP","norbj001","Jordan Norberto","4/6/2010"
"STL Jordan Walden","STL","RP","waldj001","Jordan Walden","8/22/2010"
"DET Jordan Zimmermann","DET","SP","zimmj003","Jordan Zimmermann","4/20/2009"
"COL Jorge de la Rosa","COL","SP","delaj001","Jorge de la Rosa","8/14/2004"
"OAK Jorge de Leon","OAK","RP","delej002","Jorge de Leon","8/9/2013"
"MIL Jorge Lopez","MIL","SP","lopej004","Jorge Lopez","9/29/2015"
"PIT Jorge Rondon","PIT","RP","rondj001","Jorge Rondon","6/29/2014"
"LAA Jose Alvarez","LAA","RP","alvaj003","Jose Alvarez","6/9/2013"
"CIN Jose Arredondo","CIN","RP","arrej001","Jose Arredondo","5/14/2008"
"ARI Jose Cisnero","ARI","P","cisnj001","Jose Cisnero","4/22/2013"
"MIL Jose de la Torre","MIL","RP","delaj002","Jose de la Torre","5/12/2013"
"NYY Jose De Paula","NYY","RP","depaj004","Jose De Paula","6/21/2015"
"TB Jose Dominguez","TB","RP","domij002","Jose Dominguez","6/30/2013"
"MIA Jose Fernandez","MIA","SP","fernj003","Jose Fernandez","4/7/2013"
"CIN Jose Mijares","CIN","RP","mijaj001","Jose Mijares","9/13/2008"
"DET Jose Ortega","DET","RP","ortej001","Jose Ortega","6/8/2012"
"CWS Jose Quintana","CWS","SP","quinj001","Jose Quintana","5/7/2012"
"ATL Jose Ramirez","ATL","SP","ramij004","Jose Ramirez","6/4/2014"
"MIA Jose Urena","MIA","RP","urenj001","Jose Urena","4/14/2015"
"HOU Jose Valdez","HOU","RP","valdj001","Jose Valdez","4/17/2011"
"LAA Jose Valdez","LAA","RP","valdj003","Jose Valdez","7/31/2015"
"SD Jose Valverde","SD","RP","valvj001","Jose Valverde","6/1/2003"
"ATL Jose Veras","ATL","RP","veraj001","Jose Veras","8/5/2006"
"LAD Josh Beckett","LAD","SP","beckj002","Josh Beckett","9/4/2001"
"ARI Josh Collmenter","ARI","RP","collj001","Josh Collmenter","4/17/2011"
"NYM Josh Edgin","NYM","RP","edgij001","Josh Edgin","7/13/2012"
"HOU Josh Fields","HOU","RP","fielj002","Josh Fields","4/2/2013"
"SD Josh Johnson","SD","SP","johnj009","Josh Johnson","9/10/2005"
"SEA Josh Kinney","SEA","RP","kinnj001","Josh Kinney","7/3/2006"
"PIT Josh Lindblom","PIT","SP","lindj004","Josh Lindblom","6/1/2011"
"TB Josh Lueke","TB","RP","luekj001","Josh Lueke","4/3/2011"
"SF Josh Osich","SF","RP","osicj001","Josh Osich","7/3/2015"
"ATL Josh Outman","ATL","RP","outmj001","Josh Outman","9/2/2008"
"LAD Josh Ravin","LAD","RP","ravij001","Josh Ravin","6/2/2015"
"MIN Josh Roenicke","MIN","RP","roenj001","Josh Roenicke","9/13/2008"
"CIN Josh Smith","CIN","RP","smitj004","Josh Smith","6/23/2015"
"NYY Josh Spence","NYY","RP","spenj001","Josh Spence","6/24/2011"
"PIT Josh Stinson","PIT","RP","stinj001","Josh Stinson","9/2/2011"
"CLE Josh Tomlin","CLE","SP","tomlj001","Josh Tomlin","7/27/2010"
"PIT Josh Wall","PIT","RP","wallj002","Josh Wall","7/22/2012"
"DET Josh Zeid","DET","RP","zeidj001","Josh Zeid","7/30/2013"
"TEX Leo Nunez","TEX","RP","nunel001","Leo Nunez","5/9/2005"
"SF Juan Gutierrez","SF","RP","gutij002","Juan Gutierrez","8/19/2007"
"ATL Juan Jaime","ATL","RP","jaimj001","Juan Jaime","6/20/2014"
"PIT Juan Nicasio","PIT","SP","nicaj001","Juan Nicasio","5/28/2011"
"TOR Juan Perez","TOR","","perej001","Juan Perez","9/7/2006"
"ATL Julio Teheran","ATL","SP","tehej001","Julio Teheran","5/7/2011"
"CIN Jumbo Diaz","CIN","RP","diazj005","Jumbo Diaz","6/20/2014"
"BOS Junichi Tazawa","BOS","RP","tazaj001","Junichi Tazawa","8/7/2009"
"MIL Junior Guerra","MIL","SP","guerj003","Junior Guerra","6/12/2015"
"SEA Justin De Fratus","SEA","RP","defrj001","Justin De Fratus","9/18/2011"
"CIN Justin Freeman","CIN","RP","freej001","Justin Freeman","4/17/2013"
"TEX Justin Germano","TEX","RP","germj001","Justin Germano","5/22/2004"
"CHC Justin Grimm","CHC","RP","grimj002","Justin Grimm","6/16/2012"
"TEX Justin Marks","TEX","SP","markj001","Justin Marks","4/20/2014"
"BOS Justin Masterson","BOS","SP","mastj001","Justin Masterson","4/24/2008"
"COL Justin Miller","COL","RP","millj006","Justin Miller","4/18/2014"
"MIA Justin Nicolino","MIA","SP","nicoj001","Justin Nicolino","6/20/2015"
"NYY Justin Thomas","NYY","RP","thomj006","Justin Thomas","9/1/2008"
"DET Justin Verlander","DET","SP","verlj001","Justin Verlander","7/4/2005"
"DET Justin Wilson","DET","RP","wilsj004","Justin Wilson","8/20/2012"
"SF Kameron Loe","SF","RP","loe-k001","Kameron Loe","9/26/2004"
"STL Keith Butler","STL","P","butlk001","Keith Butler","6/1/2013"
"SD Keith Hessler","SD","RP","hessk001","Keith Hessler","8/8/2015"
"KC Kelvin Herrera","KC","RP","herrk001","Kelvin Herrera","9/21/2011"
"HOU Ken Giles","HOU","RP","gilek001","Ken Giles","6/12/2014"
"PHI Ken Roberts","PHI","RP","robek002","Ken Roberts","5/3/2015"
"OAK Kendall Graveman","OAK","SP","gravk001","Kendall Graveman","9/5/2014"
"MIA Kendry Flores","MIA","RP","flork002","Kendry Flores","6/6/2015"
"LAD Kenley Jansen","LAD","RP","jansk001","Kenley Jansen","7/24/2010"
"TEX Keone Kela","TEX","RP","kelak001","Keone Kela","4/7/2015"
"HOU Kevin Chapman","HOU","RP","chapk002","Kevin Chapman","8/9/2013"
"PHI Kevin Correia","PHI","SP","corrk001","Kevin Correia","7/10/2003"
"BAL Kevin Gausman","BAL","SP","gausk001","Kevin Gausman","5/23/2013"
"CIN Kevin Gregg","CIN","RP","gregk001","Kevin Gregg","8/9/2003"
"MIN Kevin Jepsen","MIN","RP","jepsk001","Kevin Jepsen","9/8/2008"
"SD Kevin Quackenbush","SD","RP","quack001","Kevin Quackenbush","4/25/2014"
"STL Kevin Siegrist","STL","RP","siegk001","Kevin Siegrist","6/6/2013"
"PHI Kevin Slowey","PHI","RP","slowk001","Kevin Slowey","6/1/2007"
"DET Kevin Whelan","DET","RP","whelk001","Kevin Whelan","6/10/2011"
"CIN Keyvius Sampson","CIN","RP","sampk001","Keyvius Sampson","7/30/2015"
"NYY Kirby Yates","NYY","RP","yatek001","Kirby Yates","6/7/2014"
"BOS Koji Uehara","BOS","RP","uehak001","Koji Uehara","4/8/2009"
"MIN Kris Johnson","MIN","SP","johnk004","Kris Johnson","8/18/2013"
"KC Kris Medlen","KC","SP","medlk001","Kris Medlen","5/21/2009"
"MIA Kyle Barraclough","MIA","RP","barrk002","Kyle Barraclough","8/7/2015"
"CLE Kyle Crockett","CLE","RP","crock001","Kyle Crockett","5/16/2014"
"NYY Kyle Davies","NYY","","davik002","Kyle Davies","5/21/2005"
"ARI Kyle Drabek","ARI","RP","drabk001","Kyle Drabek","9/15/2010"
"HOU Kyle Farnsworth","HOU","RP","farnk001","Kyle Farnsworth","4/29/1999"
"MIN Kyle Gibson","MIN","SP","gibsk002","Kyle Gibson","6/29/2013"
"CHC Kyle Hendricks","CHC","SP","hendk001","Kyle Hendricks","7/10/2014"
"ATL Kyle Kendrick","ATL","SP","kendk001","Kyle Kendrick","6/13/2007"
"PIT Kyle Lobstein","PIT","RP","lobsk001","Kyle Lobstein","8/23/2014"
"MIL Kyle Lohse","MIL","SP","lohsk001","Kyle Lohse","6/22/2001"
"PIT Kyle McPherson","PIT","RP","mcphk001","Kyle McPherson","8/20/2012"
"DET Kyle Ryan","DET","RP","ryank002","Kyle Ryan","8/30/2014"
"TEX Kyuji Fujikawa","TEX","RP","fujik001","Kyuji Fujikawa","4/1/2013"
"STL Lance Lynn","STL","SP","lynnl001","Lance Lynn","6/2/2011"
"HOU Lance McCullers","HOU","SP","mccul002","Lance McCullers","5/18/2015"
"TOR LaTroy Hawkins","TOR","RP","hawkl001","LaTroy Hawkins","4/29/1995"
"CHC Lendy Castillo","CHC","RP","castl002","Lendy Castillo","4/9/2012"
"SD Leonel Campos","SD","RP","campl001","Leonel Campos","9/3/2014"
"MIN Lester Oliveros","MIN","RP","olivl001","Lester Oliveros","7/1/2011"
"OAK Liam Hendriks","OAK","RP","hendl001","Liam Hendriks","9/6/2011"
"LAD Lisalverto Bonilla","LAD","RP","bonil001","Lisalverto Bonilla","9/4/2014"
"MIN Logan Darnell","MIN","SP","darnl001","Logan Darnell","5/6/2014"
"DET Logan Kensing","DET","RP","kensl001","Logan Kensing","9/10/2004"
"CIN Logan Ondrusek","CIN","RP","ondrl001","Logan Ondrusek","4/5/2010"
"NYM Logan Verrett","NYM","RP","verrl001","Logan Verrett","4/8/2015"
"LAD Louis Coleman","LAD","RP","colel001","Louis Coleman","4/21/2011"
"HOU Lucas Harrell","HOU","SP","harrl002","Lucas Harrell","7/30/2010"
"LAA Lucas Luetge","LAA","RP","luetl001","Lucas Luetge","4/7/2012"
"LAD Luis Avilan","LAD","RP","avill001","Luis Avilan","7/14/2012"
"WSH Luis Ayala","WSH","RP","ayall001","Luis Ayala","3/31/2003"
"PHI Luis Garcia","PHI","RP","garcl005","Luis Garcia","7/10/2013"
"MIN Luis Perdomo","MIN","RP","perdl001","Luis Perdomo","4/15/2009"
"TOR Luis Perez","TOR","RP","perel001","Luis Perez","4/16/2011"
"NYY Luis Severino","NYY","SP","sevel001","Luis Severino","8/5/2015"
"HOU Luke Gregerson","HOU","RP","gregl001","Luke Gregerson","4/6/2009"
"KC Luke Hochevar","KC","RP","hochl001","Luke Hochevar","9/8/2007"
"TEX Luke Jackson","TEX","RP","jackl001","Luke Jackson","9/4/2015"
"DET Luke Putkonen","DET","RP","putkl001","Luke Putkonen","4/29/2012"
"SF Madison Bumgarner","SF","SP","bumgm001","Madison Bumgarner","9/8/2009"
"CWS Maikel Cleto","CWS","RP","cletm001","Maikel Cleto","6/2/2011"
"NYM Manny Acosta","NYM","RP","acosm001","Manny Acosta","8/12/2007"
"ATL Manny Banuelos","ATL","SP","banum001","Manny Banuelos","7/2/2015"
"COL Manuel Corpas","COL","RP","corpm001","Manuel Corpas","7/18/2006"
"CHC Manny Parra","CHC","RP","parrm001","Manny Parra","7/20/2007"
"OAK Marc Rzepczynski","OAK","RP","rzepm001","Marc Rzepczynski","7/7/2009"
"TOR Marco Estrada","TOR","SP","estrm001","Marco Estrada","8/20/2008"
"STL Marco Gonzales","STL","SP","gonzm005","Marco Gonzales","6/25/2014"
"SD Marcos Mateo","SD","RP","matem001","Marcos Mateo","8/9/2010"
"STL Marcus Hatley","STL","RP","hatlm001","Marcus Hatley","7/1/2015"
"TOR Marcus Stroman","TOR","SP","strom001","Marcus Stroman","5/4/2014"
"PHI Mario Hollands","PHI","RP","hollm003","Mario Hollands","4/1/2014"
"TOR Mark Buehrle","TOR","SP","buehm001","Mark Buehrle","7/16/2000"
"DET Mark Lowe","DET","RP","lowem002","Mark Lowe","7/7/2006"
"PIT Mark Melancon","PIT","RP","melam001","Mark Melancon","4/26/2009"
"TEX Mark Rogers","TEX","P","rogem001","Mark Rogers","9/10/2010"
"TEX Martin Perez","TEX","SP","perem004","Martin Perez","6/27/2012"
"NYY Masahiro Tanaka","NYY","SP","tanam001","Masahiro Tanaka","4/4/2014"
"CWS Mat Latos","CWS","SP","latom001","Mat Latos","7/19/2009"
"CWS Matt Albers","CWS","RP","albem001","Matt Albers","7/25/2006"
"TB Matt Andriese","TB","SP","andrm001","Matt Andriese","4/10/2015"
"BOS Matt Barnes","BOS","RP","barnm001","Matt Barnes","9/9/2014"
"WSH Matt Belisle","WSH","RP","belim001","Matt Belisle","9/7/2003"
"DET Matt Boyd","DET","RP","boydm001","Matt Boyd","6/27/2015"
"SF Matt Cain","SF","SP","cainm001","Matt Cain","8/29/2005"
"ATL Matt Capps","ATL","RP","cappm001","Matt Capps","9/16/2005"
"NYY Matt Daley","NYY","RP","dalem002","Matt Daley","4/25/2009"
"MIL Matt Garza","MIL","SP","garzm001","Matt Garza","8/11/2006"
"WSH Matt Grace","WSH","RP","gracm003","Matt Grace","4/22/2015"
"MIN Matt Guerrier","MIN","RP","guerm001","Matt Guerrier","6/17/2004"
"PHI Matt Harrison","PHI","SP","harrm001","Matt Harrison","7/8/2008"
"NYM Matt Harvey","NYM","SP","harvm001","Matt Harvey","7/26/2012"
"ARI Matt Langwell","ARI","RP","langm002","Matt Langwell","6/2/2013"
"LAA Matt Lindstrom","LAA","RP","lindm001","Matt Lindstrom","4/4/2007"
"CIN Matt Magill","CIN","SP","magim001","Matt Magill","4/27/2013"
"MIN Matt Maloney","MIN","RP","malom001","Matt Maloney","6/6/2009"
"ATL Matt Marksberry","ATL","RP","markm001","Matt Marksberry","7/31/2015"
"TB Matt Moore","TB","SP","moorm003","Matt Moore","9/14/2011"
"SD Matt Palmer","SD","SP","palmm001","Matt Palmer","8/16/2008"
"ARI Matt Reynolds","ARI","RP","reynm002","Matt Reynolds","8/19/2010"
"LAA Matt Shoemaker","LAA","SP","shoem001","Matt Shoemaker","9/20/2013"
"ARI Matt Stites","ARI","RP","stitm001","Matt Stites","6/19/2014"
"SD Matt Thornton","SD","RP","thorm001","Matt Thornton","6/27/2004"
"NYY Matt Tracy","NYY","RP","tracm001","Matt Tracy","4/11/2015"
"LAD Matt West","LAD","RP","westm002","Matt West","7/10/2014"
"ATL Matt Wisler","ATL","SP","wislm001","Matt Wisler","6/19/2015"
"PHI Mauricio Robles","PHI","SP","roblm001","Mauricio Robles","9/3/2013"
"WSH Max Scherzer","WSH","SP","schem001","Max Scherzer","4/29/2008"
"SEA Mayckol Guaipe","SEA","RP","guaim001","Mayckol Guaipe","6/1/2015"
"DET Melvin Mercedes","DET","RP","mercm001","Melvin Mercedes","8/15/2014"
"SD Micah Owings","SD","P","owinm001","Micah Owings","4/6/2007"
"MIL Michael Blazek","MIL","RP","blazm001","Michael Blazek","6/22/2013"
"CIN Michael Bowden","CIN","RP","bowdm001","Michael Bowden","8/30/2008"
"HOU Michael Feliz","HOU","RP","felim001","Michael Feliz","5/31/2015"
"WSH Mike Gonzalez","WSH","P","gonzm001","Mike Gonzalez","8/11/2003"
"MIL Michael Kirkman","MIL","RP","kirkm001","Michael Kirkman","8/21/2010"
"ATL Michael Kohn","ATL","RP","kohnm001","Michael Kohn","7/26/2010"
"CIN Michael Lorenzen","CIN","SP","lorem002","Michael Lorenzen","4/29/2015"
"PHI Michael Mariot","PHI","RP","marim001","Michael Mariot","4/11/2014"
"NYY Michael Pineda","NYY","SP","pinem001","Michael Pineda","4/5/2011"
"CLE Michael Roth","CLE","SP","rothm001","Michael Roth","4/13/2013"
"PHI Michael Stutes","PHI","RP","stutm001","Michael Stutes","4/25/2011"
"MIN Michael Tonkin","MIN","RP","tonkm001","Michael Tonkin","7/11/2013"
"STL Michael Wacha","STL","SP","wachm001","Michael Wacha","5/30/2013"
"TOR Mickey Storey","TOR","RP","storm001","Mickey Storey","8/3/2012"
"PHI Miguel Gonzalez","PHI","SP","gonzm006","Miguel Gonzalez","9/3/2014"
"KC Miguel Almonte","KC","RP","almom001","Miguel Almonte","9/1/2015"
"COL Miguel Castro","COL","RP","castm002","Miguel Castro","4/6/2015"
"CWS Miguel Gonzalez","CWS","SP","gonzm003","Miguel Gonzalez","5/29/2012"
"STL Miguel Socolovich","STL","RP","socom001","Miguel Socolovich","7/14/2012"
"PHI Mike Adams","PHI","RP","adamm001","Mike Adams","5/18/2004"
"DET Mike Belfiore","DET","SP","belfm001","Mike Belfiore","9/27/2013"
"LAD Mike Bolsinger","LAD","SP","bolsm001","Mike Bolsinger","4/14/2014"
"SF Mike Broadway","SF","RP","broam001","Mike Broadway","6/13/2015"
"MIA Michael Dunn","MIA","RP","dunnm002","Michael Dunn","9/4/2009"
"COL Mike Ekstrom","COL","RP","ekstm001","Mike Ekstrom","9/10/2008"
"HOU Michael Fiers","HOU","SP","fierm001","Michael Fiers","9/14/2011"
"ATL Mike Foltynewicz","ATL","SP","foltm001","Mike Foltynewicz","8/2/2014"
"TEX Mike Kickham","TEX","SP","kickm001","Mike Kickham","5/28/2013"
"STL Mike Leake","STL","SP","leakm001","Mike Leake","4/11/2010"
"LAD Mike MacDougal","LAD","RP","macdm001","Mike MacDougal","9/22/2001"
"COL Mike McClendon","COL","RP","mcclm001","Mike McClendon","8/14/2010"
"KC Mike Minor","KC","SP","minom001","Mike Minor","8/9/2010"
"SEA Mike Montgomery","SEA","RP","montm002","Mike Montgomery","6/2/2015"
"LAA Mike Morin","LAA","RP","morim002","Mike Morin","4/30/2014"
"DET Mike Pelfrey","DET","SP","pelfm001","Mike Pelfrey","7/8/2006"
"BAL Mike Wright","BAL","SP","wrigm001","Mike Wright","5/17/2015"
"NYY Mike Zagurski","NYY","RP","zagum001","Mike Zagurski","5/25/2007"
"TEX Miles Mikolas","TEX","RP","mikom001","Miles Mikolas","5/5/2012"
"STL Mitch Harris","STL","RP","harrm002","Mitch Harris","4/25/2015"
"BOS Mitchell Boggs","BOS","SP","boggm001","Mitchell Boggs","6/6/2008"
"BAL Mychal Givens","BAL","RP","givem001","Mychal Givens","6/24/2015"
"CIN Nathan Adcock","CIN","RP","adcon001","Nathan Adcock","3/31/2011"
"CWS Nate Jones","CWS","RP","jonen001","Nate Jones","4/8/2012"
"NYY Nathan Eovaldi","NYY","SP","eovan001","Nathan Eovaldi","8/6/2011"
"SEA Nathan Karns","SEA","SP","karnn001","Nathan Karns","5/28/2013"
"HOU Neal Cotts","HOU","RP","cottn001","Neal Cotts","8/12/2003"
"MIA Nefi Ogando","MIA","RP","ogann001","Nefi Ogando","9/9/2015"
"PIT Neftali Feliz","PIT","RP","felin001","Neftali Feliz","8/3/2009"
"MIN Neil Ramirez","MIN","RP","ramin001","Neil Ramirez","4/25/2014"
"TOR Neil Wagner","TOR","RP","wagnn001","Neil Wagner","8/30/2011"
"CIN Nick Christiani","CIN","RP","chrin001","Nick Christiani","8/23/2013"
"NYY Nick Goody","NYY","RP","goodn001","Nick Goody","7/30/2015"
"STL Nick Greenwood","STL","RP","green002","Nick Greenwood","6/16/2014"
"CLE Nick Hagadone","CLE","RP","hagan001","Nick Hagadone","9/1/2011"
"CLE Nick Maronde","CLE","RP","maron001","Nick Maronde","9/2/2012"
"TEX Nick Martinez","TEX","RP","martn002","Nick Martinez","4/5/2014"
"ATL Nick Masset","ATL","RP","massn001","Nick Masset","6/27/2006"
"NYY NIck Rumbelow","NYY","RP","rumbn001","NIck Rumbelow","6/23/2015"
"LAD Nick Tepesch","LAD","SP","tepen001","Nick Tepesch","4/9/2013"
"LAA Nick Tropeano","LAA","SP","tropn001","Nick Tropeano","9/10/2014"
"SEA Nick Vincent","SEA","RP","vincn001","Nick Vincent","6/26/2012"
"NYM Noah Syndergaard","NYM","SP","syndn001","Noah Syndergaard","5/12/2015"
"BOS Noe Ramirez","BOS","RP","ramin002","Noe Ramirez","7/3/2015"
"BAL Odrisamer Despaigne","BAL","SP","despo001","Odrisamer Despaigne","6/23/2014"
"BAL Oliver Drake","BAL","RP","drako001","Oliver Drake","5/23/2015"
"WSH Oliver Perez","WSH","RP","pereo002","Oliver Perez","6/16/2002"
"CWS Onelki Garcia","CWS","SP","garco001","Onelki Garcia","9/11/2013"
"LAD P.J. Walters","LAD","SP","waltp001","P.J. Walters","4/17/2009"
"ATL Paco Rodriguez","ATL","RP","rodrp001","Paco Rodriguez","9/9/2012"
"BAL Pat McCoy","BAL","RP","mccop001","Pat McCoy","6/22/2014"
"HOU Pat Neshek","HOU","RP","neshp001","Pat Neshek","7/7/2006"
"TOR Pat Venditte","TOR","RP","vendp001","Pat Venditte","6/5/2015"
"ARI Patrick Corbin","ARI","SP","corbp001","Patrick Corbin","4/30/2012"
"MIA Paul Clemens","MIA","SP","clemp002","Paul Clemens","4/9/2013"
"CIN Paul Maholm","CIN","RP","mahop002","Paul Maholm","8/30/2005"
"LAD Pedro Baez","LAD","RP","baezp001","Pedro Baez","5/5/2014"
"ATL Pedro Beato","ATL","RP","beatp001","Pedro Beato","4/1/2011"
"NYM Pedro Feliciano","NYM","RP","felip002","Pedro Feliciano","9/4/2002"
"TEX Pedro Figueroa","TEX","RP","figup001","Pedro Figueroa","4/21/2012"
"COL Pedro Hernandez","COL","SP","hernp001","Pedro Hernandez","7/18/2012"
"CHC Pedro Strop","CHC","RP","strop001","Pedro Strop","8/28/2009"
"CIN Pedro Villarreal","CIN","RP","villp001","Pedro Villarreal","9/5/2012"
"KC Peter Moylan","KC","RP","moylp001","Peter Moylan","4/12/2006"
"NYY Phil Coke","NYY","RP","cokep001","Phil Coke","9/1/2008"
"MIN Phil Hughes","MIN","SP","hughp001","Phil Hughes","4/26/2007"
"TEX Phil Irwin","TEX","SP","irwip001","Phil Irwin","4/14/2013"
"PHI Phil Klein","PHI","RP","kleip001","Phil Klein","8/1/2014"
"HOU Philip Humber","HOU","SP","humbp001","Philip Humber","9/24/2006"
"PHI Phillippe Aumont","PHI","RP","aumop001","Phillippe Aumont","8/23/2012"
"MIA Preston Claiborne","MIA","RP","claip001","Preston Claiborne","5/5/2013"
"MIL Preston Guilmet","MIL","RP","guilp001","Preston Guilmet","7/10/2013"
"TOR R.A. Dickey","TOR","SP","dickr001","R.A. Dickey","4/22/2001"
"CHC R.J. Alvarez","CHC","RP","alvar001","R.J. Alvarez","9/3/2014"
"PIT Radhames Liz","PIT","RP","liz-r001","Radhames Liz","8/25/2007"
"COL Rafael Betancourt","COL","RP","betar001","Rafael Betancourt","7/13/2003"
"DET Rafael Dolis","DET","SP","dolir001","Rafael Dolis","9/26/2011"
"WSH Rafael Martin","WSH","RP","martr005","Rafael Martin","4/15/2015"
"NYM Rafael Montero","NYM","RP","montr004","Rafael Montero","5/14/2014"
"CLE Rafael Perez","CLE","SP","perer002","Rafael Perez","4/20/2006"
"CHC Rafael Soriano","CHC","RP","sorir001","Rafael Soriano","5/10/2002"
"CIN Raisel Iglesias","CIN","SP","igler001","Raisel Iglesias","4/12/2015"
"BAL Ramon Ramirez","BAL","RP","ramir003","Ramon Ramirez","4/14/2006"
"CWS Ramon Troncoso","CWS","RP","tronr001","Ramon Troncoso","4/1/2008"
"ARI Randall Delgado","ARI","RP","delgr001","Randall Delgado","6/17/2011"
"TOR Randy Choate","TOR","RP","choar001","Randy Choate","7/1/2000"
"DET Randy Wolf","DET","SP","wolfr001","Randy Wolf","6/11/1999"
"MIA Raudel Lazo","MIA","RP","lazor001","Raudel Lazo","9/5/2015"
"HOU Raul Valdes","HOU","RP","valdr002","Raul Valdes","4/11/2010"
"LAD Red Patterson","LAD","RP","pattr002","Red Patterson","5/1/2014"
"CHC Rex Brothers","CHC","RP","brotr001","Rex Brothers","6/6/2011"
"HOU Rhiner Cruz","HOU","RP","cruzr001","Rhiner Cruz","4/7/2012"
"OAK Rich Hill","OAK","SP","hillr001","Rich Hill","6/15/2005"
"BOS Rick Porcello","BOS","SP","porcr001","Rick Porcello","4/9/2009"
"MIN Ricky Nolasco","MIN","SP","nolar001","Ricky Nolasco","4/5/2006"
"TOR Ricky Romero","TOR","SP","romer002","Ricky Romero","4/9/2009"
"LAA Rob Rasmussen","LAA","SP","rasmr001","Rob Rasmussen","5/20/2014"
"PIT Rob Scahill","PIT","RP","scahr001","Rob Scahill","9/11/2012"
"MIL Rob Wooten","MIL","RP","wootr001","Rob Wooten","7/26/2013"
"SD Robbie Erlin","SD","SP","erlir001","Robbie Erlin","4/30/2013"
"ARI Robbie Ray","ARI","SP","ray-r002","Robbie Ray","5/6/2014"
"BOS Robbie Ross","BOS","RP","rossr002","Robbie Ross","4/8/2012"
"LAA Robert Carson","LAA","RP","carsr001","Robert Carson","5/18/2012"
"LAA Robert Coello","LAA","RP","coelr001","Robert Coello","9/6/2010"
"TOR Fausto Carmona","TOR","SP","carmf001","Fausto Carmona","4/15/2006"
"TOR Roberto Osuna","TOR","RP","osunr001","Roberto Osuna","4/8/2015"
"PHI Rodrigo Lopez","PHI","SP","loper001","Rodrigo Lopez","4/29/2000"
"BOS Roenis Elias","BOS","SP","eliar001","Roenis Elias","4/3/2014"
"KC Roman Colon","KC","RP","color001","Roman Colon","8/21/2004"
"BOS Roman Mendez","BOS","RP","mendr002","Roman Mendez","7/8/2014"
"TB Ronald Belisario","TB","RP","belir001","Ronald Belisario","4/7/2009"
"CLE Ross Detwiler","CLE","RP","detwr001","Ross Detwiler","9/7/2007"
"CIN Ross Ohlendorf","CIN","RP","ohler001","Ross Ohlendorf","9/11/2007"
"TEX Ross Wolf","TEX","RP","wolfr002","Ross Wolf","8/10/2007"
"ARI Rubby de la Rosa","ARI","SP","delar003","Rubby de la Rosa","5/24/2011"
"HOU Rudy Owens","HOU","SP","owenr001","Rudy Owens","5/23/2014"
"LAA Ryan Brasier","LAA","RP","brasr001","Ryan Brasier","5/2/2013"
"SD Ryan Buchter","SD","RP","buchr001","Ryan Buchter","6/20/2014"
"SEA Ryan Cook","SEA","RP","cookr001","Ryan Cook","7/20/2011"
"LAD Ryan Dennick","LAD","P","dennr001","Ryan Dennick","9/2/2014"
"OAK Ryan Dull","OAK","RP","dullr001","Ryan Dull","9/1/2015"
"TEX Ryan Feierabend","TEX","SP","feier001","Ryan Feierabend","9/13/2006"
"ATL Ryan Kelly","ATL","RP","kellr001","Ryan Kelly","6/30/2015"
"OAK Ryan Madson","OAK","RP","madsr001","Ryan Madson","9/27/2003"
"CIN Ryan Mattheus","CIN","RP","mattr001","Ryan Mattheus","6/14/2011"
"MIN Ryan O'Rourke","MIN","RP","orour001","Ryan O'Rourke","7/7/2015"
"WSH Ryan Perry","WSH","RP","perrr001","Ryan Perry","4/8/2009"
"MIN Ryan Pressly","MIN","RP","presr001","Ryan Pressly","4/4/2013"
"NYM Ryan Reid","NYM","RP","reidr001","Ryan Reid","6/3/2013"
"ARI Ryan Rowland-Smith","ARI","RP","rowlr002","Ryan Rowland-Smith","6/22/2007"
"TOR Ryan Tepera","TOR","RP","teper001","Ryan Tepera","5/10/2015"
"KC Ryan Verdugo","KC","RP","verdr001","Ryan Verdugo","7/17/2012"
"PIT Ryan Vogelsong","PIT","RP","voger001","Ryan Vogelsong","9/2/2000"
"TB Ryan Webb","TB","RP","webbr001","Ryan Webb","7/8/2009"
"ATL Ryan Weber","ATL","SP","weber001","Ryan Weber","9/8/2015"
"NYY Sam Demel","NYY","RP","demes001","Sam Demel","6/16/2010"
"TEX Sam Dyson","TEX","RP","dysos001","Sam Dyson","7/5/2012"
"MIL Sam Freeman","MIL","RP","frees001","Sam Freeman","6/1/2012"
"ARI Sam LeCure","ARI","RP","lecus001","Sam LeCure","5/28/2010"
"STL Sam Tuivailala","STL","RP","tuivs001","Sam Tuivailala","9/9/2014"
"WSH Sammy Solis","WSH","RP","solis001","Sammy Solis","4/30/2015"
"HOU Samuel Deduno","HOU","RP","dedus001","Samuel Deduno","8/27/2010"
"SF Sandy Rosario","SF","RP","rosas001","Sandy Rosario","9/23/2010"
"SF Santiago Casilla","SF","RP","garcj002","Santiago Casilla","8/9/2004"
"KC Scott Alexander","KC","RP","alexs001","Scott Alexander","9/2/2015"
"CLE Scott Atchison","CLE","RP","atchs001","Scott Atchison","7/31/2004"
"LAD Scott Baker","LAD","SP","bakes002","Scott Baker","5/7/2005"
"TOR Scott Barnes","TOR","RP","barns002","Scott Barnes","5/30/2012"
"CWS Scott Carroll","CWS","RP","carrs001","Scott Carroll","4/27/2014"
"TOR Scott Copeland","TOR","SP","copes001","Scott Copeland","5/2/2015"
"TOR Scott Diamond","TOR","SP","diams001","Scott Diamond","7/18/2011"
"CLE Scott Downs","CLE","RP","downs001","Scott Downs","4/9/2000"
"LAD Scott Elbert","LAD","RP","elbes001","Scott Elbert","8/29/2008"
"HOU Scott Feldman","HOU","RP","felds001","Scott Feldman","8/31/2005"
"LAD Scott Kazmir","LAD","SP","kazms001","Scott Kazmir","8/23/2004"
"MIA Scott Maine","MIA","SP","mains001","Scott Maine","8/27/2010"
"BAL Scott McGough","BAL","RP","mcgos001","Scott McGough","8/20/2015"
"COL Scott Oberg","COL","RP","obers001","Scott Oberg","4/14/2015"
"NYM Scott Rice","NYM","RP","rices001","Scott Rice","4/1/2013"
"CWS Scott Snodgress","CWS","SP","snods001","Scott Snodgress","9/3/2014"
"LAA Sean Burnett","LAA","RP","burns001","Sean Burnett","5/30/2004"
"OAK Sean Doolittle","OAK","RP","dools001","Sean Doolittle","6/5/2012"
"NYM Sean Gilmartin","NYM","RP","gilms001","Sean Gilmartin","4/10/2015"
"CIN Sean Marshall","CIN","RP","marss002","Sean Marshall","4/9/2006"
"MIL Sean Nolin","MIL","SP","nolis001","Sean Nolin","5/24/2013"
"BOS Sean O'Sullivan","BOS","SP","osuls001","Sean O'Sullivan","6/16/2009"
"SF Sergio Romo","SF","RP","romos001","Sergio Romo","6/26/2008"
"NYY Sergio Santos","NYY","RP","sants001","Sergio Santos","4/8/2010"
"STL Seth Maness","STL","RP","manes001","Seth Maness","5/3/2013"
"PHI Seth Rosin","PHI","RP","rosis001","Seth Rosin","3/31/2014"
"PHI Severino Gonzalez","PHI","SP","gonzs001","Severino Gonzalez","4/28/2015"
"ATL Shae Simmons","ATL","RP","simms001","Shae Simmons","5/31/2014"
"DET Shane Greene","DET","RP","grees005","Shane Greene","4/24/2014"
"SF Shane Loux","SF","SP","louxs001","Shane Loux","9/10/2002"
"CLE Shaun Marcum","CLE","SP","marcs001","Shaun Marcum","9/6/2005"
"CLE Shawn Armstrong","CLE","RP","armss001","Shawn Armstrong","8/8/2015"
"TOR Shawn Hill","TOR","SP","hills003","Shawn Hill","6/29/2004"
"WSH Shawn Kelley","WSH","RP","kells001","Shawn Kelley","4/10/2009"
"TEX Shawn Tolleson","TEX","RP","tolls002","Shawn Tolleson","6/7/2012"
"ARI Shelby Miller","ARI","SP","mills001","Shelby Miller","9/5/2012"
"ARI Silvino Bracho","ARI","RP","bracs001","Silvino Bracho","8/30/2015"
"COL Simon Castro","COL","RP","casts002","Simon Castro","7/5/2013"
"OAK Sonny Gray","OAK","SP","grays001","Sonny Gray","7/10/2013"
"CHC Spencer Patton","CHC","RP","patts002","Spencer Patton","9/4/2014"
"LAD Stephen Fife","LAD","SP","fifes001","Stephen Fife","7/17/2012"
"MIN Stephen Pryor","MIN","RP","pryos001","Stephen Pryor","6/2/2012"
"WSH Stephen Strasburg","WSH","SP","stras001","Stephen Strasburg","6/8/2010"
"MIA Steve Ames","MIA","RP","amess001","Steve Ames","7/30/2013"
"SEA Steve Cishek","SEA","RP","cishs001","Steve Cishek","9/26/2010"
"CIN Steve Delabar","CIN","RP","delas001","Steve Delabar","9/11/2011"
"SF Steve Edlefsen","SF","RP","edles001","Steve Edlefsen","8/21/2011"
"TB Steve Geltz","TB","RP","gelts001","Steve Geltz","8/16/2012"
"SEA Steve Johnson","SEA","RP","johns001","Steve Johnson","7/15/2012"
"NYM Steven Matz","NYM","SP","matzs001","Steven Matz","6/28/2015"
"BOS Steven Wright","BOS","SP","wrigs001","Steven Wright","4/23/2013"
"TEX Stolmy Pimentel","TEX","RP","pimes001","Stolmy Pimentel","9/4/2013"
"ATL Sugar Ray Marimon","ATL","RP","maris001","Sugar Ray Marimon","4/14/2015"
"BAL T.J. McFarland","BAL","RP","mcfat001","T.J. McFarland","4/6/2013"
"SEA Taijuan Walker","SEA","SP","walkt004","Taijuan Walker","8/30/2013"
"WSH Tanner Roark","WSH","SP","roart001","Tanner Roark","8/7/2013"
"TEX Tanner Scheppers","TEX","RP","schet001","Tanner Scheppers","6/7/2012"
"WSH Taylor Hill","WSH","RP","hillt001","Taylor Hill","6/25/2014"
"WSH Taylor Jordan","WSH","RP","jordt001","Taylor Jordan","6/29/2013"
"MIL Taylor Jungmann","MIL","SP","jungt001","Taylor Jungmann","6/9/2015"
"OAK Taylor Thompson","OAK","RP","thomt001","Taylor Thompson","7/20/2014"
"TOR Thad Weber","TOR","RP","webet001","Thad Weber","4/22/2012"
"KC Tim Collins","KC","RP","collt001","Tim Collins","3/31/2011"
"STL Tim Cooney","STL","SP","coont001","Tim Cooney","4/30/2015"
"MIL Tim Dillard","MIL","RP","dillt001","Tim Dillard","5/23/2008"
"SF Tim Hudson","SF","SP","hudst001","Tim Hudson","6/8/1999"
"LAA Tim Lincecum","LAA","SP","linct001","Tim Lincecum","5/6/2007"
"ARI Tim Stauffer","ARI","RP","staut001","Tim Stauffer","5/11/2005"
"CLE TJ House","CLE","SP","houst002","TJ House","5/17/2014"
"LAD Todd Coffey","LAD","RP","cofft001","Todd Coffey","4/19/2005"
"TOR Todd Redmond","TOR","RP","redmt002","Todd Redmond","8/18/2012"
"CLE Tom Gorzelanny","CLE","RP","gorzt001","Tom Gorzelanny","9/20/2005"
"MIA Tom Koehler","MIA","SP","koeht001","Tom Koehler","9/5/2012"
"SEA Tom Wilhelmsen","SEA","RP","wilht001","Tom Wilhelmsen","4/3/2011"
"TEX Tommy Hanson","TEX","SP","hanst001","Tommy Hanson","6/7/2009"
"TOR Tommy Hottovy","TOR","RP","hottt001","Tommy Hottovy","6/3/2011"
"CLE Tommy Hunter","CLE","RP","huntt002","Tommy Hunter","8/1/2008"
"CWS Tommy Kahnle","CWS","RP","kahnt001","Tommy Kahnle","4/3/2014"
"BOS Tom Layne","BOS","RP","laynt001","Tom Layne","8/14/2012"
"MIN Tom Milone","MIN","SP","milot001","Tom Milone","9/3/2011"
"CIN Tony Cingrani","CIN","RP","cingt001","Tony Cingrani","9/9/2012"
"HOU Tony Sipp","HOU","RP","sippt001","Tony Sipp","4/22/2009"
"PIT Tony Watson","PIT","RP","watst001","Tony Watson","6/8/2011"
"SEA Tony Zych","SEA","RP","zycht001","Tony Zych","9/4/2015"
"CLE Toru Murata","CLE","P","murat001","Toru Murata","6/2/2015"
"TEX Travis Blackley","TEX","SP","blact001","Travis Blackley","7/1/2004"
"CHC Travis Wood","CHC","RP","woodt004","Travis Wood","7/1/2010"
"CLE Trevor Bauer","CLE","SP","bauet001","Trevor Bauer","6/28/2012"
"CIN Trevor Bell","CIN","RP","bellt002","Trevor Bell","8/12/2009"
"CHC Trevor Cahill","CHC","RP","cahit001","Trevor Cahill","4/7/2009"
"WSH Trevor Gott","WSH","RP","gottt001","Trevor Gott","6/14/2015"
"MIN Trevor May","MIN","RP","may-t001","Trevor May","8/9/2014"
"STL Trevor Rosenthal","STL","RP","roset001","Trevor Rosenthal","7/18/2012"
"MIA Troy Patton","MIA","RP","pattt001","Troy Patton","8/25/2007"
"CHC Tsuyoshi Wada","CHC","SP","wadat001","Tsuyoshi Wada","7/8/2014"
"COL Tyler Chatwood","COL","SP","chatt001","Tyler Chatwood","4/11/2011"
"ARI Tyler Clippard","ARI","RP","clipt001","Tyler Clippard","5/20/2007"
"CLE Tyler Cloyd","CLE","SP","cloyt001","Tyler Cloyd","8/29/2012"
"MIL Tyler Cravy","MIL","RP","cravt001","Tyler Cravy","6/2/2015"
"MIN Tyler Duffey","MIN","SP","dufft001","Tyler Duffey","8/5/2015"
"STL Tyler Lyons","STL","RP","lyont001","Tyler Lyons","5/22/2013"
"COL Tyler Matzek","COL","SP","matzt001","Tyler Matzek","6/11/2014"
"KC Tyler Olson","KC","RP","olsot002","Tyler Olson","4/7/2015"
"WSH Tyler Robertson","WSH","RP","robet001","Tyler Robertson","6/26/2012"
"LAA Tyler Skaggs","LAA","SP","skagt001","Tyler Skaggs","8/22/2012"
"MIL Tyler Thornburg","MIL","RP","thort001","Tyler Thornburg","6/19/2012"
"ARI Tyler Wagner","ARI","SP","wagnt001","Tyler Wagner","5/31/2015"
"BAL Tyler Wilson","BAL","SP","wilst004","Tyler Wilson","5/20/2015"
"TOR Tyson Brummett","TOR","RP","brumt001","Tyson Brummett","10/3/2012"
"SD Tyson Ross","SD","SP","rosst001","Tyson Ross","4/7/2010"
"BAL Ubaldo Jimenez","BAL","SP","jimeu001","Ubaldo Jimenez","9/26/2006"
"BAL Vance Worley","BAL","RP","worlv001","Vance Worley","7/24/2010"
"NYM Vic Black","NYM","RP","blacv001","Vic Black","7/25/2013"
"STL Victor Marte","STL","RP","martv002","Victor Marte","9/6/2009"
"SEA Vidal Nuno","SEA","RP","nunov001","Vidal Nuno","4/29/2013"
"SF Vin Mazzaro","SF","RP","mazzv001","Vin Mazzaro","6/2/2009"
"PHI Vincent Velasquez","PHI","SP","velav001","Vincent Velasquez","6/10/2015"
"LAA Vinnie Pestano","LAA","RP","pestv001","Vinnie Pestano","9/23/2010"
"KC Wade Davis","KC","RP","daviw001","Wade Davis","9/6/2009"
"SEA Wade LeBlanc","SEA","SP","leblw001","Wade LeBlanc","9/3/2008"
"SEA Wade Miley","SEA","SP","milew001","Wade Miley","8/20/2011"
"HOU Wandy Rodriguez","HOU","SP","rodrw002","Wandy Rodriguez","5/23/2005"
"MIL Wei-Chung Wang","MIL","RP","wangw001","Wei-Chung Wang","4/14/2014"
"MIA Wei-Yin Chen","MIA","SP","chenw001","Wei-Yin Chen","4/10/2012"
"ARI Wesley Wright","ARI","RP","wrigw001","Wesley Wright","3/31/2008"
"KC Wilking Rodriguez","KC","RP","rodrw003","Wilking Rodriguez","6/3/2014"
"HOU Will Harris","HOU","RP","harrw002","Will Harris","8/13/2012"
"WSH Will Ohman","WSH","RP","ohmaw001","Will Ohman","9/19/2000"
"MIL Will Smith","MIL","RP","smitw002","Will Smith","5/23/2012"
"ATL Williams Perez","ATL","SP","perew001","Williams Perez","5/8/2015"
"TEX Wilmer Font","TEX","RP","fontw001","Wilmer Font","9/18/2012"
"COL Wilton Lopez","COL","RP","lopew001","Wilton Lopez","8/28/2009"
"MIL Wily Peralta","MIL","SP","peraw001","Wily Peralta","4/22/2012"
"TB Xavier Cedeno","TB","RP","cedex001","Xavier Cedeno","9/16/2011"
"MIL Yhonathan Barrios","MIL","RP","barry001","Yhonathan Barrios","9/24/2015"
"LAD Yimi Garcia","LAD","RP","garcy001","Yimi Garcia","9/1/2014"
"PIT Yoervis Medina","PIT","RP","mediy001","Yoervis Medina","4/16/2013"
"COL Yohan Flande","COL","SP","flany001","Yohan Flande","6/25/2014"
"KC Yohan Pino","KC","RP","pinoy001","Yohan Pino","6/19/2014"
"KC Yordano Ventura","KC","SP","venty001","Yordano Ventura","9/17/2013"
"LAA Yoslan Herrera","LAA","RP","herry001","Yoslan Herrera","7/12/2008"
"BAL Yovani Gallardo","BAL","SP","gally001","Yovani Gallardo","6/18/2007"
"TEX Yu Darvish","TEX","SP","darvy001","Yu Darvish","4/9/2012"
"WSH Yuniesky Maya","WSH","RP","mayay001","Yuniesky Maya","9/7/2010"
"WSH Yusmeiro Petit","WSH","RP","petiy001","Yusmeiro Petit","5/14/2006"
"CHC Zac Rosscup","CHC","RP","rossz001","Zac Rosscup","9/3/2013"
"BAL Zach Britton","BAL","RP","britz001","Zach Britton","4/3/2011"
"BAL Zach Clark","BAL","RP","clarz001","Zach Clark","5/1/2013"
"MIL Zach Davies","MIL","SP","daviz001","Zach Davies","9/2/2015"
"CWS Zach Duke","CWS","RP","dukez001","Zach Duke","7/2/2005"
"SEA Zach Lee","SEA","SP","lee-z001","Zach Lee","7/25/2015"
"CLE Zach McAllister","CLE","RP","mcalz001","Zach McAllister","7/7/2011"
"PHI Zach Miner","PHI","RP","minez001","Zach Miner","6/4/2006"
"BAL Zach Phillips","BAL","RP","philz001","Zach Phillips","8/31/2011"
"CWS Zach Putnam","CWS","RP","putnz001","Zach Putnam","9/13/2011"
"CWS Zach Stewart","CWS","SP","stewz001","Zach Stewart","6/16/2011"
"ARI Zack Godley","ARI","SP","godlz001","Zack Godley","7/23/2015"
"ARI Zack Greinke","ARI","SP","greiz001","Zack Greinke","5/22/2004"
"NYM Zack Wheeler","NYM","SP","wheez001","Zack Wheeler","6/18/2013"
"BOS Zeke Spruill","BOS","SP","spruz001","Zeke Spruill","6/21/2013"
