"","retro_id","Right","Left","Average","mlb_team","cbs_pos","retro_name","debut"
"ATL David Aardsma","aardd001",0,0,0.29505,"ATL","RP","David Aardsma","4/6/2004"
"MIN Fernando Abad","abadf001",0.3147,0,0.304,"MIN","RP","Fernando Abad","7/28/2010"
"NYY Alfredo Aceves","aceva001",0.2813,0.312,0.29665,"NYY","RP","Alfredo Aceves","8/31/2008"
"LAA A.J. Achter","achta001",0,0,0.3493,"LAA","RP","A.J. Achter","9/3/2014"
"NYM Manny Acosta","acosm001",0,0,0.2981,"NYM","RP","Manny Acosta","8/12/2007"
"CLE Austin Adams","adama001",0,0,0.33085,"CLE","RP","Austin Adams","7/12/2014"
"PHI Mike Adams","adamm001",0.2283,0,0.24995,"PHI","RP","Mike Adams","5/18/2004"
"CIN Nathan Adcock","adcon001",0,0,0.31785,"CIN","RP","Nathan Adcock","3/31/2011"
"SF Jeremy Affeldt","affej001",0.296,0.2569,0.27645,"SF","RP","Jeremy Affeldt","4/6/2002"
"ARI Jonathan Albaladejo","albaj001",0,0,0.3257,"ARI","RP","Jonathan Albaladejo","9/5/2007"
"TOR Andrew Albers","albea001",0,0,0.2881,"TOR","RP","Andrew Albers","8/6/2013"
"CWS Matt Albers","albem001",0.2585,0.3171,0.2878,"CWS","RP","Matt Albers","7/25/2006"
"LAA Al Alburquerque","albua001",0.2574,0,0.26445,"LAA","RP","Al Alburquerque","4/15/2011"
"KC Scott Alexander","alexs001",0,0,0.27045,"KC","RP","Scott Alexander","9/2/2015"
"CLE Cody Allen","allec002",0.2859,0.2398,0.26285,"CLE","RP","Cody Allen","7/20/2012"
"KC Miguel Almonte","almom001",0,0,0.3742,"KC","RP","Miguel Almonte","9/1/2015"
"ATL Dario Alvarez","alvad001",0,0,0.48035,"ATL","RP","Dario Alvarez","9/3/2014"
"OAK Henderson Alvarez","alvah001",0.2833,0.3232,0.30325,"OAK","SP","Henderson Alvarez","8/10/2011"
"LAA Jose Alvarez","alvaj003",0,0,0.29745,"LAA","RP","Jose Alvarez","6/9/2013"
"CHC R.J. Alvarez","alvar001",0,0,0.36075,"CHC","RP","R.J. Alvarez","9/3/2014"
"SD Hector Ambriz","ambrh001",0,0,0.35225,"SD","RP","Hector Ambriz","4/30/2010"
"MIA Steve Ames","amess001",0,0,0.358,"MIA","RP","Steve Ames","7/30/2013"
"LAD Brett Anderson","andeb004",0.2939,0.2987,0.2963,"LAD","SP","Brett Anderson","4/10/2009"
"MIL Chase Anderson","andec001",0.3279,0.3071,0.3175,"MIL","SP","Chase Anderson","5/11/2014"
"CLE Cody Anderson","andec002",0,0,0.27895,"CLE","SP","Cody Anderson","6/21/2015"
"TB Matt Andriese","andrm001",0,0,0.3027,"TB","SP","Matt Andriese","4/10/2015"
"PHI Elvis Araujo","araue001",0,0,0.2667,"PHI","RP","Elvis Araujo","5/5/2015"
"TB Chris Archer","archc001",0.2556,0.2799,0.26775,"TB","SP","Chris Archer","6/20/2012"
"CLE Shawn Armstrong","armss001",0,0,0.25455,"CLE","RP","Shawn Armstrong","8/8/2015"
"CIN Jose Arredondo","arrej001",0,0,0.2939,"CIN","RP","Jose Arredondo","5/14/2008"
"CHC Jake Arrieta","arrij001",0.2538,0.2892,0.2715,"CHC","SP","Jake Arrieta","6/10/2010"
"LAD Bronson Arroyo","arrob001",0.2754,0.3441,0.30975,"LAD","SP","Bronson Arroyo","6/12/2000"
"PHI Alec Asher","ashea001",0,0,0.40465,"PHI","SP","Alec Asher","8/30/2015"
"CLE Scott Atchison","atchs001",0.2655,0,0.27655,"CLE","RP","Scott Atchison","7/31/2004"
"PHI Phillippe Aumont","aumop001",0,0,0.38575,"PHI","RP","Phillippe Aumont","8/23/2012"
"LAD Luis Avilan","avill001",0,0,0.25245,"LAD","RP","Luis Avilan","7/14/2012"
"CIN Dylan Axelrod","axeld001",0,0.347,0.34675,"CIN","RP","Dylan Axelrod","9/7/2011"
"OAK John Axford","axfoj001",0.2852,0.2762,0.2807,"OAK","RP","John Axford","9/15/2009"
"WSH Luis Ayala","ayall001",0,0,0.2964,"WSH","RP","Luis Ayala","3/31/2003"
"WSH Burke Badenhop","badeb001",0.2661,0.3187,0.2924,"WSH","RP","Burke Badenhop","4/9/2008"
"LAD Pedro Baez","baezp001",0,0,0.267,"LAD","RP","Pedro Baez","5/5/2014"
"PHI Andrew Bailey","baila001",0,0,0.27675,"PHI","RP","Andrew Bailey","4/6/2009"
"CIN Homer Bailey","bailh001",0.2831,0.3074,0.29525,"CIN","SP","Homer Bailey","6/8/2007"
"LAD Scott Baker","bakes002",0.3012,0.3266,0.3139,"LAD","SP","Scott Baker","5/7/2005"
"CIN Collin Balester","balec001",0,0,0.3206,"CIN","RP","Collin Balester","7/1/2008"
"TB Grant Balfour","balfg001",0.2518,0.2596,0.2557,"TB","RP","Grant Balfour","7/22/2001"
"ATL Manny Banuelos","banum001",0,0,0.3382,"ATL","SP","Manny Banuelos","7/2/2015"
"CHC Daniel Bard","bardd001",0,0,0.2646,"CHC","RP","Daniel Bard","5/13/2009"
"BOS Matt Barnes","barnm001",0,0,0.35035,"BOS","RP","Matt Barnes","9/9/2014"
"TOR Scott Barnes","barns002",0,0,0.31055,"TOR","RP","Scott Barnes","5/30/2012"
"WSH Aaron Barrett","barra001",0,0,0.2608,"WSH","RP","Aaron Barrett","3/31/2014"
"MIA Kyle Barraclough","barrk002",0,0,0.2487,"MIA","RP","Kyle Barraclough","8/7/2015"
"MIL Yhonathan Barrios","barry001",0,0,0.13235,"MIL","RP","Yhonathan Barrios","9/24/2015"
"SEA Anthony Bass","bassa001",0.3007,0.3177,0.3092,"SEA","RP","Anthony Bass","6/13/2011"
"OAK Chris Bassitt","bassc001",0,0,0.28865,"OAK","SP","Chris Bassitt","8/30/2014"
"NYM Antonio Bastardo","basta001",0.2609,0,0.25175,"NYM","RP","Antonio Bastardo","6/2/2009"
"CLE Trevor Bauer","bauet001",0.3032,0.3089,0.30605,"CLE","SP","Trevor Bauer","6/28/2012"
"LAD Brandon Beachy","beacb001",0.2655,0.2651,0.2653,"LAD","SP","Brandon Beachy","9/20/2010"
"ATL Pedro Beato","beatp001",0,0,0.28955,"ATL","RP","Pedro Beato","4/1/2011"
"SEA Blake Beavan","beavb001",0.2881,0.3531,0.3206,"SEA","SP","Blake Beavan","7/3/2011"
"CWS Chris Beck","beckc002",0,0,0.40025,"CWS","SP","Chris Beck","5/28/2015"
"LAD Josh Beckett","beckj002",0.2732,0.3157,0.29445,"LAD","SP","Josh Beckett","9/4/2001"
"TB Erik Bedard","bedae001",0.3175,0.3124,0.31495,"TB","SP","Erik Bedard","4/17/2002"
"LAA Cam Bedrosian","bedrc001",0,0,0.3588,"LAA","RP","Cam Bedrosian","6/3/2014"
"CHC Dallas Beeler","beeld001",0,0,0.36525,"CHC","SP","Dallas Beeler","6/28/2014"
"SEA Joe Beimel","beimj001",0,0,0.3171,"SEA","RP","Joe Beimel","4/8/2001"
"DET Mike Belfiore","belfm001",0,0,1.3045,"DET","SP","Mike Belfiore","9/27/2013"
"TB Jeff Beliveau","belij001",0,0,0.31475,"TB","RP","Jeff Beliveau","7/22/2012"
"WSH Matt Belisle","belim001",0.2868,0.3043,0.29555,"WSH","RP","Matt Belisle","9/7/2003"
"TB Ronald Belisario","belir001",0.2515,0,0.2904,"TB","RP","Ronald Belisario","4/7/2009"
"TB Andrew Bellatti","bella001",0,0,0.2772,"TB","RP","Andrew Bellatti","5/9/2015"
"WSH Heath Bell","bellh001",0.2939,0.282,0.28795,"WSH","RP","Heath Bell","8/24/2004"
"CIN Trevor Bell","bellt002",0,0,0.3289,"CIN","RP","Trevor Bell","8/12/2009"
"MIA Duane Below","belod001",0,0,0.2927,"MIA","RP","Duane Below","7/20/2011"
"SEA Joaquin Benoit","benoj001",0.2234,0.2478,0.2356,"SEA","RP","Joaquin Benoit","8/8/2001"
"COL Christian Bergman","bergc001",0,0,0.34805,"COL","RP","Christian Bergman","6/9/2014"
"CHC Jason Berken","berkj001",0,0,0.35605,"CHC","RP","Jason Berken","5/26/2009"
"NYY Dellin Betances","betad001",0,0,0.2087,"NYY","RP","Dellin Betances","9/22/2011"
"COL Rafael Betancourt","betar001",0.2341,0,0.26455,"COL","RP","Rafael Betancourt","7/13/2003"
"COL Chad Bettis","bettc001",0,0,0.33975,"COL","SP","Chad Bettis","8/1/2013"
"NYY Bruce Billings","billb002",0,0,0.44535,"NYY","RP","Bruce Billings","5/27/2011"
"PHI Chad Billingsley","billc001",0.2768,0.3253,0.30105,"PHI","SP","Chad Billingsley","6/15/2006"
"TEX Travis Blackley","blact001",0,0,0.2894,"TEX","SP","Travis Blackley","7/1/2004"
"NYM Vic Black","blacv001",0,0,0.27075,"NYM","RP","Vic Black","7/25/2013"
"LAD Joe Blanton","blanj001",0.323,0.3316,0.3273,"LAD","RP","Joe Blanton","9/21/2004"
"MIL Michael Blazek","blazm001",0,0,0.26205,"MIL","RP","Michael Blazek","6/22/2013"
"NYM Jerry Blevins","blevj001",0.3044,0.236,0.2702,"NYM","RP","Jerry Blevins","9/16/2007"
"SF Brett Bochy","bochb003",0,0,0.19535,"SF","RP","Brett Bochy","9/13/2014"
"BOS Mitchell Boggs","boggm001",0.2762,0,0.28955,"BOS","SP","Mitchell Boggs","6/6/2008"
"LAD Mike Bolsinger","bolsm001",0,0,0.3221,"LAD","SP","Mike Bolsinger","4/14/2014"
"LAD Lisalverto Bonilla","bonil001",0,0,0.2624,"LAD","RP","Lisalverto Bonilla","9/4/2014"
"NYY Chris Bootcheck","bootc001",0,0,0.4501,"NYY","RP","Chris Bootcheck","9/9/2003"
"MIN Buddy Boshers","boshb001",0,0,0.29065,"MIN","RP","Buddy Boshers","8/10/2013"
"CIN Michael Bowden","bowdm001",0,0,0.2973,"CIN","RP","Michael Bowden","8/30/2008"
"TB Brad Boxberger","boxbb001",0,0,0.2667,"TB","RP","Brad Boxberger","6/10/2012"
"DET Matt Boyd","boydm001",0,0,0.4136,"DET","RP","Matt Boyd","6/27/2015"
"MIL Blaine Boyer","boyeb001",0,0,0.2966,"MIL","RP","Blaine Boyer","6/12/2005"
"BAL Brad Brach","bracb001",0.2843,0,0.28225,"BAL","RP","Brad Brach","8/31/2011"
"ARI Silvino Bracho","bracs001",0,0,0.2993,"ARI","RP","Silvino Bracho","8/30/2015"
"ARI Archie Bradley","brada001",0,0,0.3315,"ARI","SP","Archie Bradley","4/11/2015"
"LAA Ryan Brasier","brasr001",0,0,0.29675,"LAA","RP","Ryan Brasier","5/2/2013"
"CIN Bill Bray","brayb001",0,0,0.2748,"CIN","RP","Bill Bray","6/3/2006"
"MIA Craig Breslow","bresc001",0.3085,0.3026,0.30555,"MIA","RP","Craig Breslow","7/23/2005"
"SEA Charles Brewer","brewc001",0,0,0.37925,"SEA","RP","Charles Brewer","6/10/2013"
"ATL Jake Brigham","brigj001",0,0,0.40695,"ATL","RP","Jake Brigham","6/30/2015"
"CHC Drake Britton","britd001",0,0,0.28055,"CHC","RP","Drake Britton","7/20/2013"
"BAL Zach Britton","britz001",0.3013,0,0.2822,"BAL","RP","Zach Britton","4/3/2011"
"SF Mike Broadway","broam001",0,0,0.3495,"SF","RP","Mike Broadway","6/13/2015"
"CHC Aaron Brooks","brooa001",0,0,0.3871,"CHC","SP","Aaron Brooks","5/3/2014"
"CHC Rex Brothers","brotr001",0.3089,0,0.29685,"CHC","RP","Rex Brothers","6/6/2011"
"LAD Brooks Brown","browb005",0,0,0.26855,"LAD","RP","Brooks Brown","7/6/2014"
"STL Jonathan Broxton","broxj001",0.2911,0.287,0.28905,"STL","RP","Jonathan Broxton","7/29/2005"
"TOR Tyson Brummett","brumt001",0,0,0.4395,"TOR","RP","Tyson Brummett","10/3/2012"
"BOS Clay Buchholz","buchc001",0.2834,0.2922,0.2878,"BOS","SP","Clay Buchholz","8/17/2007"
"PHI David Buchanan","buchd001",0,0,0.34105,"PHI","SP","David Buchanan","5/24/2014"
"HOU Jake Buchanan","buchj001",0,0,0.308,"HOU","RP","Jake Buchanan","6/21/2014"
"SD Ryan Buchter","buchr001",0,0,0.3455,"SD","RP","Ryan Buchter","6/20/2014"
"SD Billy Buckner","buckb002",0,0,0.3879,"SD","SP","Billy Buckner","8/25/2007"
"TOR Mark Buehrle","buehm001",0.3147,0.2997,0.3072,"TOR","SP","Mark Buehrle","7/16/2000"
"KC Francisley Bueno","buenf001",0,0,0.2695,"KC","RP","Francisley Bueno","8/13/2008"
"SF Madison Bumgarner","bumgm001",0.2787,0.2363,0.2575,"SF","SP","Madison Bumgarner","9/8/2009"
"BAL Dylan Bundy","bundd001",0,0,0.3061,"BAL","RP","Dylan Bundy","9/23/2012"
"ATL Danny Burawa","burad001",0,0,0.2879,"ATL","RP","Danny Burawa","6/21/2015"
"ARI Enrique Burgos","burge002",0,0,0.3053,"ARI","RP","Enrique Burgos","4/29/2015"
"MIL Hiram Burgos","burgh001",0,0,0.3635,"MIL","SP","Hiram Burgos","4/20/2013"
"PHI Greg Burke","burkg001",0,0,0.34895,"PHI","RP","Greg Burke","5/16/2009"
"PIT A.J. Burnett","burna001",0.2862,0.3061,0.29615,"PIT","SP","A.J. Burnett","8/17/1999"
"CHC Alex Burnett","burna002",0,0,0.3018,"CHC","RP","Alex Burnett","4/8/2010"
"TOR Cory Burns","burnc001",0,0,0.3437,"TOR","RP","Cory Burns","8/4/2012"
"LAA Sean Burnett","burns001",0,0,0.26915,"LAA","RP","Sean Burnett","5/30/2004"
"NYY Jared Burton","burtj001",0,0,0.26495,"NYY","RP","Jared Burton","4/4/2007"
"COL Eddie Butler","butle001",0,0,0.3901,"COL","SP","Eddie Butler","6/6/2014"
"STL Keith Butler","butlk001",0,0,0.2923,"STL","P","Keith Butler","6/1/2013"
"CHC Alberto Cabrera","cabra003",0,0,0.28695,"CHC","RP","Alberto Cabrera","8/1/2012"
"BAL Cesar Cabral","cabrc001",0,0,0.3044,"BAL","RP","Cesar Cabral","9/2/2013"
"TEX Edwar Cabrera","cabre002",0,0,0.4434,"TEX","RP","Edwar Cabrera","6/27/2012"
"CHC Trevor Cahill","cahit001",0.2825,0.3053,0.2939,"CHC","RP","Trevor Cahill","4/7/2009"
"SF Matt Cain","cainm001",0.2682,0.2791,0.27365,"SF","SP","Matt Cain","8/29/2005"
"PIT Arquimedes Caminero","camia001",0,0,0.2779,"PIT","RP","Arquimedes Caminero","8/16/2013"
"SD Leonel Campos","campl001",0,0,0.3223,"SD","RP","Leonel Campos","9/3/2014"
"MIA Carter Capps","cappc001",0,0,0.2947,"MIA","RP","Carter Capps","8/3/2012"
"ATL Matt Capps","cappm001",0,0,0.28775,"ATL","RP","Matt Capps","9/16/2005"
"MIL Chris Capuano","capuc001",0.3239,0.2927,0.3083,"MIL","RP","Chris Capuano","5/4/2003"
"OAK Andrew Carignan","caria001",0,0,0.30775,"OAK","RP","Andrew Carignan","9/2/2011"
"NYM Buddy Carlyle","carlb001",0,0,0.24995,"NYM","RP","Buddy Carlyle","8/29/1999"
"TOR Fausto Carmona","carmf001",0.292,0.3253,0.30865,"TOR","SP","Fausto Carmona","4/15/2006"
"TOR Andrew Carpenter","carpa001",0,0,0.3812,"TOR","RP","Andrew Carpenter","8/27/2008"
"TB David Carpenter","carpd001",0.2876,0,0.2982,"TB","RP","David Carpenter","6/30/2011"
"ATL David Carpenter","carpd002",0,0,0.32965,"ATL","RP","David Carpenter","4/13/2012"
"CLE Carlos Carrasco","carrc003",0.2713,0.2985,0.2849,"CLE","SP","Carlos Carrasco","9/1/2009"
"TOR Joel Carreno","carrj002",0,0,0.336,"TOR","RP","Joel Carreno","8/23/2011"
"CWS Scott Carroll","carrs001",0,0,0.323,"CWS","RP","Scott Carroll","4/27/2014"
"LAA Robert Carson","carsr001",0,0,0.3616,"LAA","RP","Robert Carson","5/18/2012"
"SD Andrew Cashner","casha001",0.2654,0.3123,0.28885,"SD","SP","Andrew Cashner","5/31/2010"
"OAK Angel Castro","casta004",0,0,0.46535,"OAK","RP","Angel Castro","5/9/2015"
"CHC Lendy Castillo","castl002",0,0,0.3744,"CHC","RP","Lendy Castillo","4/9/2012"
"COL Miguel Castro","castm002",0,0,0.37375,"COL","RP","Miguel Castro","4/6/2015"
"COL Simon Castro","casts002",0,0,0.30795,"COL","RP","Simon Castro","7/5/2013"
"TOR Brett Cecil","cecib001",0.3247,0.2365,0.2806,"TOR","RP","Brett Cecil","5/5/2009"
"TB Xavier Cedeno","cedex001",0,0,0.30255,"TB","RP","Xavier Cedeno","9/16/2011"
"LAA Jhoulys Chacin","chacj001",0.2767,0.3256,0.30115,"LAA","SP","Jhoulys Chacin","7/25/2009"
"ARI Andrew Chafin","chafa001",0,0,0.2506,"ARI","RP","Andrew Chafin","8/13/2014"
"CLE Joba Chamberlain","chamj002",0.3069,0.3056,0.30625,"CLE","RP","Joba Chamberlain","8/7/2007"
"NYY Aroldis Chapman","chapa001",0.2276,0,0.1995,"NYY","RP","Aroldis Chapman","8/31/2010"
"HOU Kevin Chapman","chapk002",0,0,0.2943,"HOU","RP","Kevin Chapman","8/9/2013"
"COL Tyler Chatwood","chatt001",0.3167,0.3341,0.3254,"COL","SP","Tyler Chatwood","4/11/2011"
"TOR Jesse Chavez","chavj001",0.2962,0.323,0.3096,"TOR","RP","Jesse Chavez","8/27/2008"
"CLE Bruce Chen","chenb001",0.3171,0.3223,0.3197,"CLE","RP","Bruce Chen","9/7/1998"
"MIA Wei-Yin Chen","chenw001",0.3214,0.2747,0.29805,"MIA","SP","Wei-Yin Chen","4/10/2012"
"TOR Randy Choate","choar001",0,0.2062,0.29215,"TOR","RP","Randy Choate","7/1/2000"
"CIN Nick Christiani","chrin001",0,0,0.4098,"CIN","RP","Nick Christiani","8/23/2013"
"CIN Tony Cingrani","cingt001",0.3183,0,0.2924,"CIN","RP","Tony Cingrani","9/9/2012"
"SEA Steve Cishek","cishs001",0.2421,0.2864,0.26425,"SEA","RP","Steve Cishek","9/26/2010"
"ARI Jose Cisnero","cisnj001",0,0,0.3454,"ARI","P","Jose Cisnero","4/22/2013"
"MIA Preston Claiborne","claip001",0,0,0.3148,"MIA","RP","Preston Claiborne","5/5/2013"
"BAL Zach Clark","clarz001",0,0,0.36515,"BAL","RP","Zach Clark","5/1/2013"
"TEX Alex Claudio","claua001",0,0,0.30005,"TEX","RP","Alex Claudio","8/13/2014"
"MIA Paul Clemens","clemp002",0,0,0.3535,"MIA","SP","Paul Clemens","4/9/2013"
"CWS Maikel Cleto","cletm001",0,0,0.3544,"CWS","RP","Maikel Cleto","6/2/2011"
"ARI Tyler Clippard","clipt001",0.2443,0.2434,0.24385,"ARI","RP","Tyler Clippard","5/20/2007"
"CLE Tyler Cloyd","cloyt001",0,0,0.36645,"CLE","SP","Tyler Cloyd","8/29/2012"
"TB Alex Cobb","cobba001",0.2585,0.2786,0.26855,"TB","SP","Alex Cobb","5/1/2011"
"LAA Robert Coello","coelr001",0,0,0.31765,"LAA","RP","Robert Coello","9/6/2010"
"LAD Todd Coffey","cofft001",0,0,0.3109,"LAD","RP","Todd Coffey","4/19/2005"
"NYY Phil Coke","cokep001",0.3504,0.2818,0.3161,"NYY","RP","Phil Coke","9/1/2008"
"WSH A.J. Cole","colea002",0,0,0.30735,"WSH","RP","A.J. Cole","4/28/2015"
"KC Casey Coleman","colec001",0,0,0.35115,"KC","RP","Casey Coleman","8/2/2010"
"PIT Gerrit Cole","coleg001",0.2685,0.2637,0.2661,"PIT","SP","Gerrit Cole","6/11/2013"
"LAD Louis Coleman","colel001",0.287,0,0.3015,"LAD","RP","Louis Coleman","4/21/2011"
"ARI Josh Collmenter","collj001",0.2782,0.3044,0.2913,"ARI","RP","Josh Collmenter","4/17/2011"
"KC Tim Collins","collt001",0.2836,0,0.29135,"KC","RP","Tim Collins","3/31/2011"
"TB Alex Colome","coloa001",0,0,0.28605,"TB","RP","Alex Colome","5/30/2013"
"NYM Bartolo Colon","colob001",0.283,0.3144,0.2987,"NYM","SP","Bartolo Colon","4/4/1997"
"KC Roman Colon","color001",0,0,0.40995,"KC","RP","Roman Colon","8/21/2004"
"MIA Adam Conley","conla001",0,0,0.31045,"MIA","SP","Adam Conley","6/10/2015"
"CIN Carlos Contreras","contc001",0,0,0.311,"CIN","RP","Carlos Contreras","6/21/2014"
"SEA Ryan Cook","cookr001",0.2167,0,0.26245,"SEA","RP","Ryan Cook","7/20/2011"
"STL Tim Cooney","coont001",0,0,0.29505,"STL","SP","Tim Cooney","4/30/2015"
"TOR Scott Copeland","copes001",0,0,0.3623,"TOR","SP","Scott Copeland","5/2/2015"
"ARI Patrick Corbin","corbp001",0.3075,0,0.2862,"ARI","SP","Patrick Corbin","4/30/2012"
"LAD Daniel Corcino","corcd001",0,0,0.25745,"LAD","SP","Daniel Corcino","8/26/2014"
"MIA Erik Cordier","corde001",0,0,0.2805,"MIA","SP","Erik Cordier","9/3/2014"
"BOS John Cornely","cornj002",0,0,0.6781,"BOS","RP","John Cornely","4/29/2015"
"COL Manuel Corpas","corpm001",0,0,0.32885,"COL","RP","Manuel Corpas","7/18/2006"
"PHI Kevin Correia","corrk001",0.3257,0.3318,0.32875,"PHI","SP","Kevin Correia","7/10/2003"
"MIA Jarred Cosart","cosaj001",0.3022,0.2856,0.2939,"MIA","SP","Jarred Cosart","7/12/2013"
"CIN Caleb Cotham","cothc001",0,0,0.39195,"CIN","RP","Caleb Cotham","7/29/2015"
"HOU Neal Cotts","cottn001",0,0,0.2699,"HOU","RP","Neal Cotts","8/12/2003"
"OAK Daniel Coulombe","could001",0,0,0.31055,"OAK","RP","Daniel Coulombe","9/16/2014"
"HOU Jesse Crain","craij001",0.2487,0,0.2578,"HOU","RP","Jesse Crain","8/5/2004"
"MIL Tyler Cravy","cravt001",0,0,0.3591,"MIL","RP","Tyler Cravy","6/2/2015"
"TOR Evan Crawford","crawe001",0,0,0.45235,"TOR","RP","Evan Crawford","4/15/2012"
"CLE Kyle Crockett","crock001",0,0,0.29305,"CLE","RP","Kyle Crockett","5/16/2014"
"DET Casey Crosby","crosc001",0,0,0.3969,"DET","SP","Casey Crosby","6/1/2012"
"MIA Aaron Crow","crowa001",0.2692,0,0.29395,"MIA","RP","Aaron Crow","3/31/2011"
"HOU Rhiner Cruz","cruzr001",0,0,0.3576,"HOU","RP","Rhiner Cruz","4/7/2012"
"SF Johnny Cueto","cuetj001",0.2731,0.2699,0.2715,"SF","SP","Johnny Cueto","4/3/2008"
"PIT Brandon Cumpton","cumpb001",0,0,0.28415,"PIT","SP","Brandon Cumpton","6/15/2013"
"ATL Brandon Cunniff","cunnb001",0,0,0.31525,"ATL","RP","Brandon Cunniff","4/7/2015"
"NYY Matt Daley","dalem002",0,0,0.3462,"NYY","RP","Matt Daley","4/25/2009"
"CWS John Danks","dankj001",0.3179,0.308,0.31295,"CWS","SP","John Danks","4/8/2007"
"MIN Logan Darnell","darnl001",0,0,0.36975,"MIN","SP","Logan Darnell","5/6/2014"
"TEX Yu Darvish","darvy001",0.2512,0.2849,0.26805,"TEX","SP","Yu Darvish","4/9/2012"
"WSH Erik Davis","davie002",0,0,0.2909,"WSH","RP","Erik Davis","6/2/2013"
"NYY Kyle Davies","davik002",0.3201,0.3561,0.3381,"NYY","","Kyle Davies","5/21/2005"
"KC Wade Davis","daviw001",0.2795,0.3079,0.2937,"KC","RP","Wade Davis","9/6/2009"
"MIL Zach Davies","daviz001",0,0,0.26595,"MIL","SP","Zach Davies","9/2/2015"
"HOU Samuel Deduno","dedus001",0.3251,0.2912,0.30815,"HOU","RP","Samuel Deduno","8/27/2010"
"SEA Justin De Fratus","defrj001",0.3097,0,0.2873,"SEA","RP","Justin De Fratus","9/18/2011"
"NYM Jacob deGrom","degrj001",0.227,0.2765,0.25175,"NYM","SP","Jacob deGrom","5/15/2014"
"LAA Dane de la Rosa","delad001",0,0,0.26985,"LAA","RP","Dane de la Rosa","7/20/2011"
"SD Eury de la Rosa","delae002",0,0,0.3069,"SD","RP","Eury de la Rosa","7/14/2013"
"COL Jorge de la Rosa","delaj001",0.3127,0.2441,0.2784,"COL","SP","Jorge de la Rosa","8/14/2004"
"MIL Jose de la Torre","delaj002",0,0,0.35375,"MIL","RP","Jose de la Torre","5/12/2013"
"ARI Rubby de la Rosa","delar003",0.286,0.3604,0.3232,"ARI","SP","Rubby de la Rosa","5/24/2011"
"CIN Steve Delabar","delas001",0,0,0.28955,"CIN","RP","Steve Delabar","9/11/2011"
"OAK Jorge de Leon","delej002",0,0,0.3556,"OAK","RP","Jorge de Leon","8/9/2013"
"ARI Randall Delgado","delgr001",0.2972,0.3092,0.3032,"ARI","RP","Randall Delgado","6/17/2011"
"WSH Abel de los Santos","deloa001",0,0,0.44775,"WSH","RP","Abel de los Santos","7/21/2015"
"HOU Enerio Del Rosario","delre001",0,0,0.34895,"HOU","RP","Enerio Del Rosario","5/24/2010"
"NYY Sam Demel","demes001",0,0,0.35185,"NYY","RP","Sam Demel","6/16/2010"
"LAD Ryan Dennick","dennr001",0,0,0.4344,"LAD","P","Ryan Dennick","9/2/2014"
"NYY Jose De Paula","depaj004",0,0,NA,"NYY","RP","Jose De Paula","6/21/2015"
"CIN Anthony DeSclafani","desca001",0,0.3292,0.30565,"CIN","SP","Anthony DeSclafani","5/14/2014"
"BAL Odrisamer Despaigne","despo001",0.2868,0,0.3005,"BAL","SP","Odrisamer Despaigne","6/23/2014"
"CLE Ross Detwiler","detwr001",0.3401,0.2505,0.2953,"CLE","RP","Ross Detwiler","9/7/2007"
"TOR Scott Diamond","diams001",0.3161,0,0.3354,"TOR","SP","Scott Diamond","7/18/2011"
"CIN Jumbo Diaz","diazj005",0,0,0.2966,"CIN","RP","Jumbo Diaz","6/20/2014"
"COL Jairo Diaz","diazj006",0,0,0.26195,"COL","RP","Jairo Diaz","9/8/2014"
"TOR R.A. Dickey","dickr001",0.279,0.2891,0.28405,"TOR","SP","R.A. Dickey","4/22/2001"
"TEX Jake Diekman","diekj001",0.3057,0,0.2772,"TEX","RP","Jake Diekman","5/15/2012"
"MIL Tim Dillard","dillt001",0,0,0.32105,"MIL","RP","Tim Dillard","5/23/2008"
"DET Rafael Dolis","dolir001",0,0,0.32635,"DET","SP","Rafael Dolis","9/26/2011"
"TB Jose Dominguez","domij002",0,0,0.29475,"TB","RP","Jose Dominguez","6/30/2013"
"OAK Sean Doolittle","dools001",0.2343,0,0.23,"OAK","RP","Sean Doolittle","6/5/2012"
"OAK Felix Doubront","doubf001",0.3292,0.2967,0.31295,"OAK","SP","Felix Doubront","6/18/2010"
"HOU Darin Downs","downd001",0,0,0.2935,"HOU","RP","Darin Downs","7/3/2012"
"CLE Scott Downs","downs001",0.2973,0,0.2662,"CLE","RP","Scott Downs","4/9/2000"
"ARI Kyle Drabek","drabk001",0,0,0.3491,"ARI","RP","Kyle Drabek","9/15/2010"
"BAL Oliver Drake","drako001",0,0,0.2863,"BAL","RP","Oliver Drake","5/23/2015"
"BAL Brian Duensing","duenb001",0.3467,0.2557,0.3012,"BAL","RP","Brian Duensing","4/10/2009"
"KC Danny Duffy","duffd001",0.3201,0,0.2847,"KC","RP","Danny Duffy","5/18/2011"
"MIN Tyler Duffey","dufft001",0,0,0.30175,"MIN","SP","Tyler Duffey","8/5/2015"
"CWS Zach Duke","dukez001",0.3399,0.3016,0.32075,"CWS","RP","Zach Duke","7/2/2005"
"OAK Ryan Dull","dullr001",0,0,0.30535,"OAK","RP","Ryan Dull","9/1/2015"
"SF Jake Dunning","dunnj001",0,0,0.25725,"SF","RP","Jake Dunning","6/16/2013"
"MIA Michael Dunn","dunnm002",0.3139,0.2682,0.29105,"MIA","RP","Michael Dunn","9/4/2009"
"PHI Chad Durbin","durbc001",0.3111,0,0.3344,"PHI","RP","Chad Durbin","9/26/1999"
"KC Chris Dwyer","dwyec001",0,0,0.17495,"KC","RP","Chris Dwyer","9/24/2013"
"TEX Sam Dyson","dysos001",0,0,0.276,"TEX","RP","Sam Dyson","7/5/2012"
"NYM Josh Edgin","edgij001",0,0,0.2695,"NYM","RP","Josh Edgin","7/13/2012"
"SF Steve Edlefsen","edles001",0,0,0.416,"SF","RP","Steve Edlefsen","8/21/2011"
"CHC Carl Edwards","edwac001",0,0,0.2878,"CHC","RP","Carl Edwards","9/7/2015"
"SD Jon Edwards","edwaj001",0,0,0.3347,"SD","RP","Jon Edwards","8/15/2014"
"PHI Jerad Eickhoff","eickj001",0,0,0.273,"PHI","SP","Jerad Eickhoff","8/21/2015"
"COL Mike Ekstrom","ekstm001",0,0,0.2849,"COL","RP","Mike Ekstrom","9/10/2008"
"LAD Scott Elbert","elbes001",0,0,0.2618,"LAD","RP","Scott Elbert","8/29/2008"
"BOS Roenis Elias","eliar001",0.3099,0,0.2903,"BOS","SP","Roenis Elias","4/3/2014"
"MIA Brian Ellington","ellib001",0,0,0.26705,"MIA","RP","Brian Ellington","8/3/2015"
"LAA Barry Enright","enrib001",0,0,0.35805,"LAA","SP","Barry Enright","6/30/2010"
"NYY Nathan Eovaldi","eovan001",0.2848,0.3283,0.30655,"NYY","SP","Nathan Eovaldi","8/6/2011"
"NYY Cody Eppley","epplc001",0,0,0.33445,"NYY","RP","Cody Eppley","4/23/2011"
"SD Robbie Erlin","erlir001",0,0,0.31305,"SD","SP","Robbie Erlin","4/30/2013"
"SF Edgmer Escalona","escae001",0,0,0.3115,"SF","SP","Edgmer Escalona","9/10/2010"
"ARI Edwin Escobar","escoe002",0,0,0.1035,"ARI","SP","Edwin Escobar","8/27/2014"
"TOR Marco Estrada","estrm001",0.2867,0.2861,0.2864,"TOR","SP","Marco Estrada","8/20/2008"
"TB Dana Eveland","eveld001",0,0,0.3134,"TB","RP","Dana Eveland","7/16/2005"
"NYM Jeurys Familia","famij001",0,0,0.2569,"NYM","RP","Jeurys Familia","9/4/2012"
"DET Buck Farmer","farmb001",0,0,0.4121,"DET","RP","Buck Farmer","8/13/2014"
"HOU Kyle Farnsworth","farnk001",0.2594,0,0.2776,"HOU","RP","Kyle Farnsworth","4/29/1999"
"TB Danny Farquhar","farqd001",0,0,0.2788,"TB","RP","Danny Farquhar","9/13/2011"
"TEX Andrew Faulkner","faula001",0,0,0.2906,"TEX","RP","Andrew Faulkner","8/31/2015"
"TEX Ryan Feierabend","feier001",0,0,0.3877,"TEX","SP","Ryan Feierabend","9/13/2006"
"HOU Scott Feldman","felds001",0.31,0.2921,0.30105,"HOU","RP","Scott Feldman","8/31/2005"
"HOU Michael Feliz","felim001",0,0,0.35965,"HOU","RP","Michael Feliz","5/31/2015"
"PIT Neftali Feliz","felin001",0.2873,0.2392,0.26325,"PIT","RP","Neftali Feliz","8/3/2009"
"NYM Pedro Feliciano","felip002",0,0,0.31625,"NYM","RP","Pedro Feliciano","9/4/2002"
"MIA Jose Fernandez","fernj003",0.196,0.2779,0.23695,"MIA","SP","Jose Fernandez","4/7/2013"
"DET Jeff Ferrell","ferrj001",0,0,0.33345,"DET","RP","Jeff Ferrell","7/4/2015"
"HOU Chuckie Fick","fickc001",0,0,0.39975,"HOU","RP","Chuckie Fick","5/26/2012"
"HOU Josh Fields","fielj002",0,0,0.2812,"HOU","RP","Josh Fields","4/2/2013"
"LAD Casey Fien","fienc001",0.2611,0,0.2729,"LAD","RP","Casey Fien","7/26/2009"
"HOU Michael Fiers","fierm001",0.2908,0.2856,0.2882,"HOU","SP","Michael Fiers","9/14/2011"
"LAD Stephen Fife","fifes001",0,0,0.32225,"LAD","SP","Stephen Fife","7/17/2012"
"TEX Alfredo Figaro","figaa001",0,0,0.31825,"TEX","RP","Alfredo Figaro","6/20/2009"
"TEX Pedro Figueroa","figup001",0,0,0.30765,"TEX","RP","Pedro Figueroa","4/21/2012"
"CIN Brandon Finnegan","finnb001",0,0,0.2984,"CIN","SP","Brandon Finnegan","9/6/2014"
"HOU Doug Fister","fistd001",0.2818,0.291,0.2864,"HOU","SP","Doug Fister","8/8/2009"
"COL Yohan Flande","flany001",0,0,0.30795,"COL","SP","Yohan Flande","6/25/2014"
"MIA Kendry Flores","flork002",0,0,0.3076,"MIA","RP","Kendry Flores","6/6/2015"
"TOR Gavin Floyd","floyg001",0.2748,0.3171,0.29595,"TOR","RP","Gavin Floyd","9/3/2004"
"KC Brian Flynn","flynb001",0,0,0.4331,"KC","RP","Brian Flynn","9/4/2013"
"ATL Mike Foltynewicz","foltm001",0,0,0.36095,"ATL","SP","Mike Foltynewicz","8/2/2014"
"TEX Wilmer Font","fontw001",0,0,0.27915,"TEX","RP","Wilmer Font","9/18/2012"
"WSH Eric Fornataro","forne001",0,0,0.2664,"WSH","RP","Eric Fornataro","4/21/2014"
"CWS Frank Francisco","franf001",0,0,0.29655,"CWS","RP","Frank Francisco","5/14/2004"
"TOR Jeff Francis","franj003",0.3426,0.2876,0.3151,"TOR","RP","Jeff Francis","8/25/2004"
"ATL Jason Frasor","frasj002",0.2755,0.3079,0.2917,"ATL","RP","Jason Frasor","4/16/2004"
"CIN Justin Freeman","freej001",0,0,0.64585,"CIN","RP","Justin Freeman","4/17/2013"
"MIL Sam Freeman","frees001",0,0,0.28345,"MIL","RP","Sam Freeman","6/1/2012"
"LAD Carlos Frias","friac001",0,0,0.3141,"LAD","SP","Carlos Frias","8/4/2014"
"SD Christian Friedrich","friec001",0.3724,0,0.3251,"SD","SP","Christian Friedrich","5/9/2012"
"TB Ernesto Frieri","friee001",0.2784,0.2752,0.2768,"TB","RP","Ernesto Frieri","9/26/2009"
"TEX Kyuji Fujikawa","fujik001",0,0,0.3168,"TEX","RP","Kyuji Fujikawa","4/1/2013"
"SEA Charlie Furbush","furbc001",0.3044,0,0.26375,"SEA","RP","Charlie Furbush","5/23/2011"
"BAL Yovani Gallardo","gally001",0.2845,0.3099,0.2972,"BAL","SP","Yovani Gallardo","6/18/2007"
"WSH Christian Garcia","garcc002",0,0,0.2757,"WSH","RP","Christian Garcia","9/4/2012"
"ATL Freddy Garcia","garcf002",0.3003,0.3304,0.31535,"ATL","SP","Freddy Garcia","4/7/1999"
"SD Frank Garces","garcf003",0,0,0.33895,"SD","RP","Frank Garces","8/19/2014"
"SF Santiago Casilla","garcj002",0.2286,0.2827,0.25565,"SF","RP","Santiago Casilla","8/9/2004"
"STL Jaime Garcia","garcj004",0.2806,0.293,0.2868,"STL","SP","Jaime Garcia","7/11/2008"
"BAL Jason Garcia","garcj005",0,0,0.3144,"BAL","RP","Jason Garcia","4/8/2015"
"PHI Luis Garcia","garcl005",0,0,0.32445,"PHI","RP","Luis Garcia","7/10/2013"
"CWS Onelki Garcia","garco001",0,0,0.40695,"CWS","SP","Onelki Garcia","9/11/2013"
"LAD Yimi Garcia","garcy001",0,0,0.2375,"LAD","RP","Yimi Garcia","9/1/2014"
"MIL Matt Garza","garzm001",0.2924,0.302,0.2972,"MIL","SP","Matt Garza","8/11/2006"
"STL John Gast","gastj001",0,0,0.32005,"STL","SP","John Gast","5/14/2013"
"PHI Chad Gaudin","gaudc001",0.2778,0.3526,0.3152,"PHI","RP","Chad Gaudin","8/1/2003"
"BAL Kevin Gausman","gausk001",0.3117,0.2947,0.3032,"BAL","SP","Kevin Gausman","5/23/2013"
"SF Cory Gearrin","gearc001",0,0,0.3007,"SF","RP","Cory Gearrin","4/25/2011"
"TB Steve Geltz","gelts001",0,0,0.2653,"TB","RP","Steve Geltz","8/16/2012"
"COL Gonzalez Germen","germg001",0,0,0.33525,"COL","RP","Gonzalez Germen","7/12/2013"
"TEX Justin Germano","germj001",0,0,0.31885,"TEX","RP","Justin Germano","5/22/2004"
"MIN Kyle Gibson","gibsk002",0.2885,0.3094,0.29895,"MIN","SP","Kyle Gibson","6/29/2013"
"HOU Ken Giles","gilek001",0,0,0.2259,"HOU","RP","Ken Giles","6/12/2014"
"NYM Sean Gilmartin","gilms001",0,0,0.26515,"NYM","RP","Sean Gilmartin","4/10/2015"
"BAL Mychal Givens","givem001",0,0,0.2299,"BAL","RP","Mychal Givens","6/24/2015"
"OAK Graham Godfrey","godfg001",0,0,0.3577,"OAK","SP","Graham Godfrey","6/10/2011"
"ARI Zack Godley","godlz001",0,0,0.28405,"ARI","SP","Zack Godley","7/23/2015"
"NYM Erik Goeddel","goede001",0,0,0.22275,"NYM","RP","Erik Goeddel","9/1/2014"
"MIL David Goforth","gofod001",0,0,0.3464,"MIL","RP","David Goforth","5/26/2015"
"TB Brandon Gomes","gomeb001",0,0,0.2962,"TB","RP","Brandon Gomes","5/3/2011"
"PHI Jeanmar Gomez","gomej002",0.3006,0.3291,0.31485,"PHI","RP","Jeanmar Gomez","7/18/2010"
"TEX Chi Chi Gonzalez","gonzc002",0,0,0.27345,"TEX","SP","Chi Chi Gonzalez","5/30/2015"
"HOU Edgar Gonzalez","gonze001",0,0,0.35775,"HOU","RP","Edgar Gonzalez","6/1/2003"
"WSH Gio Gonzalez","gonzg003",0.28,0.2721,0.27605,"WSH","SP","Gio Gonzalez","8/6/2008"
"WSH Mike Gonzalez","gonzm001",0,0,0.3051,"WSH","P","Mike Gonzalez","8/11/2003"
"CWS Miguel Gonzalez","gonzm003",0.3039,0.3158,0.30985,"CWS","SP","Miguel Gonzalez","5/29/2012"
"STL Marco Gonzales","gonzm005",0,0,0.28055,"STL","SP","Marco Gonzales","6/25/2014"
"PHI Miguel Gonzalez","gonzm006",0,0,0.40205,"PHI","SP","Miguel Gonzalez","9/3/2014"
"PHI Severino Gonzalez","gonzs001",0,0,0.3702,"PHI","SP","Severino Gonzalez","4/28/2015"
"NYY Nick Goody","goodn001",0,0,0.33805,"NYY","RP","Nick Goody","7/30/2015"
"CLE Tom Gorzelanny","gorzt001",0.3204,0.2799,0.30015,"CLE","RP","Tom Gorzelanny","9/20/2005"
"WSH Trevor Gott","gottt001",0,0,0.26635,"WSH","RP","Trevor Gott","6/14/2015"
"WSH Matt Grace","gracm003",0,0,0.35585,"WSH","RP","Matt Grace","4/22/2015"
"NYY J.R. Graham","grahj002",0,0,0.3242,"NYY","RP","J.R. Graham","4/6/2015"
"OAK Kendall Graveman","gravk001",0,0,0.31475,"OAK","SP","Kendall Graveman","9/5/2014"
"COL Jon Gray","grayj003",0,0,0.3458,"COL","SP","Jon Gray","8/4/2015"
"OAK Sonny Gray","grays001",0.2501,0.2653,0.2577,"OAK","SP","Sonny Gray","7/10/2013"
"STL Nick Greenwood","green002",0,0,0.3039,"STL","RP","Nick Greenwood","6/16/2014"
"DET Shane Greene","grees005",0,0,0.33385,"DET","RP","Shane Greene","4/24/2014"
"CIN Kevin Gregg","gregk001",0.3245,0.315,0.31975,"CIN","RP","Kevin Gregg","8/9/2003"
"HOU Luke Gregerson","gregl001",0.2352,0.25,0.2426,"HOU","RP","Luke Gregerson","4/6/2009"
"ARI Zack Greinke","greiz001",0.255,0.2889,0.27195,"ARI","SP","Zack Greinke","5/22/2004"
"TEX A.J. Griffin","grifa002",0.2865,0.2807,0.2836,"TEX","SP","A.J. Griffin","6/24/2012"
"TOR Jason Grilli","grilj001",0.2623,0,0.2648,"TOR","RP","Jason Grilli","5/11/2000"
"CHC Justin Grimm","grimj002",0.3006,0,0.30385,"CHC","RP","Justin Grimm","6/16/2012"
"LAA Jarrett Grube","grubj002",0,0,NA,"LAA","RP","Jarrett Grube","5/31/2014"
"SEA Mayckol Guaipe","guaim001",0,0,0.4028,"SEA","RP","Mayckol Guaipe","6/1/2015"
"LAA Deolis Guerra","guerd001",0,0,0.38095,"LAA","RP","Deolis Guerra","6/27/2015"
"LAA Javy Guerra","guerj002",0,0,0.282,"LAA","RP","Javy Guerra","5/15/2011"
"MIL Junior Guerra","guerj003",0,0,0.3884,"MIL","SP","Junior Guerra","6/12/2015"
"MIN Matt Guerrier","guerm001",0.2716,0,0.2774,"MIN","RP","Matt Guerrier","6/17/2004"
"MIL Preston Guilmet","guilp001",0,0,0.31995,"MIL","RP","Preston Guilmet","7/10/2013"
"COL Jason Gurka","gurkj001",0,0,0.5027,"COL","RP","Jason Gurka","8/29/2015"
"TEX Jeremy Guthrie","guthj001",0.2895,0.3507,0.3201,"TEX","SP","Jeremy Guthrie","8/28/2004"
"SF Juan Gutierrez","gutij002",0,0,0.3091,"SF","RP","Juan Gutierrez","8/19/2007"
"CLE Nick Hagadone","hagan001",0,0,0.29,"CLE","RP","Nick Hagadone","9/1/2011"
"ARI Bradin Hagens","hageb001",0,0,0.48185,"ARI","SP","Bradin Hagens","8/14/2014"
"OAK Jesse Hahn","hahnj001",0,0,0.2616,"OAK","SP","Jesse Hahn","6/3/2014"
"BAL David Hale","haled001",0,0,0.3137,"BAL","SP","David Hale","9/13/2013"
"MIA Cody Hall","hallc001",0,0,0.34385,"MIA","RP","Cody Hall","9/3/2015"
"TEX Cole Hamels","hamec001",0.2719,0.2745,0.2732,"TEX","SP","Cole Hamels","5/12/2006"
"CHC Jason Hammel","hammj002",0.2952,0.3088,0.302,"CHC","SP","Jason Hammel","4/11/2006"
"SD Brad Hand","handb001",0.3382,0,0.29765,"SD","RP","Brad Hand","6/7/2011"
"CIN Donovan Hand","handd001",0,0,0.31635,"CIN","RP","Donovan Hand","5/26/2013"
"DET Joel Hanrahan","hanrj001",0.2735,0,0.2624,"DET","RP","Joel Hanrahan","7/28/2007"
"TEX Tommy Hanson","hanst001",0.2744,0.3124,0.2934,"TEX","SP","Tommy Hanson","6/7/2009"
"TOR J.A. Happ","happj001",0.3166,0.3077,0.31215,"TOR","SP","J.A. Happ","6/30/2007"
"PHI Aaron Harang","haraa001",0.3076,0.3287,0.31815,"PHI","SP","Aaron Harang","5/25/2002"
"DET Blaine Hardy","hardb001",0,0,0.28275,"DET","RP","Blaine Hardy","6/16/2014"
"CHC Dan Haren","hared001",0.2948,0.2948,0.2948,"CHC","SP","Dan Haren","6/30/2003"
"HOU Lucas Harrell","harrl002",0.3162,0.3259,0.32105,"HOU","SP","Lucas Harrell","7/30/2010"
"PHI Matt Harrison","harrm001",0.3157,0.2866,0.30115,"PHI","SP","Matt Harrison","7/8/2008"
"STL Mitch Harris","harrm002",0,0,0.3075,"STL","RP","Mitch Harris","4/25/2015"
"HOU Will Harris","harrw002",0,0,0.2656,"HOU","RP","Will Harris","8/13/2012"
"NYM Matt Harvey","harvm001",0.2444,0.2452,0.2448,"NYM","SP","Matt Harvey","7/26/2012"
"LAD Chris Hatcher","hatcc002",0,0,0.3051,"LAD","RP","Chris Hatcher","9/19/2010"
"STL Marcus Hatley","hatlm001",0,0,0.1884,"STL","RP","Marcus Hatley","7/1/2015"
"TOR LaTroy Hawkins","hawkl001",0.2889,0.2743,0.2816,"TOR","RP","LaTroy Hawkins","4/29/1995"
"LAA Andrew Heaney","heana001",0,0,0.28035,"LAA","SP","Andrew Heaney","6/19/2014"
"CWS Deunte Heath","heatd001",0,0,0.4454,"CWS","RP","Deunte Heath","9/1/2012"
"NYM Jeremy Hefner","hefnj001",0.2885,0,0.31555,"NYM","SP","Jeremy Hefner","4/23/2012"
"PHI Jeremy Hellickson","hellj001",0.2978,0.3098,0.3038,"PHI","SP","Jeremy Hellickson","8/2/2010"
"MIL Johnny Hellweg","hellj002",0,0,0.34935,"MIL","SP","Johnny Hellweg","6/28/2013"
"BOS Heath Hembree","hembh001",0,0,0.31485,"BOS","RP","Heath Hembree","9/3/2013"
"NYM Jim Henderson","hendj001",0,0,0.27125,"NYM","RP","Jim Henderson","7/26/2012"
"CHC Kyle Hendricks","hendk001",0.2484,0.3037,0.27605,"CHC","SP","Kyle Hendricks","7/10/2014"
"OAK Liam Hendriks","hendl001",0.3282,0.3317,0.32995,"OAK","RP","Liam Hendriks","9/6/2011"
"PHI David Hernandez","hernd002",0.2623,0.2847,0.2735,"PHI","RP","David Hernandez","5/28/2009"
"SEA Felix Hernandez","hernf002",0.2536,0.2647,0.25915,"SEA","SP","Felix Hernandez","8/4/2005"
"COL Pedro Hernandez","hernp001",0,0,0.3879,"COL","SP","Pedro Hernandez","7/18/2012"
"CLE Frank Herrmann","herrf001",0,0,0.31585,"CLE","RP","Frank Herrmann","6/4/2010"
"KC Kelvin Herrera","herrk001",0.2463,0.2692,0.25775,"KC","RP","Kelvin Herrera","9/21/2011"
"LAA Yoslan Herrera","herry001",0,0,0.3527,"LAA","RP","Yoslan Herrera","7/12/2008"
"SD Keith Hessler","hessk001",0,0,0.39615,"SD","RP","Keith Hessler","8/8/2015"
"SF Chris Heston","hestc001",0,0,0.30535,"SF","SP","Chris Heston","9/13/2014"
"OAK Rich Hill","hillr001",0,0,0.2567,"OAK","SP","Rich Hill","6/15/2005"
"TOR Shawn Hill","hills003",0,0,0.27105,"TOR","SP","Shawn Hill","6/29/2004"
"WSH Taylor Hill","hillt001",0,0,0.393,"WSH","RP","Taylor Hill","6/25/2014"
"PHI Dalier Hinojosa","hinod001",0,0,0.2171,"PHI","RP","Dalier Hinojosa","5/3/2015"
"KC Luke Hochevar","hochl001",0.2878,0.3223,0.30505,"KC","RP","Luke Hochevar","9/8/2007"
"PIT John Holdzkom","holdj001",0,0,0.1843,"PIT","RP","John Holdzkom","9/2/2014"
"TEX Derek Holland","holld003",0.3155,0.266,0.29075,"TEX","SP","Derek Holland","4/22/2009"
"KC Greg Holland","hollg001",0.2444,0.2477,0.24605,"KC","RP","Greg Holland","8/2/2010"
"PHI Mario Hollands","hollm003",0,0,0.2874,"PHI","RP","Mario Hollands","4/1/2014"
"ATL David Holmberg","holmd002",0,0,0.35755,"ATL","SP","David Holmberg","8/27/2013"
"CIN J.J. Hoover","hoovj002",0.2782,0,0.2802,"CIN","RP","J.J. Hoover","4/25/2012"
"PHI Jeremy Horst","horsj001",0,0,0.31305,"PHI","RP","Jeremy Horst","5/28/2011"
"TOR Tommy Hottovy","hottt001",0,0,0.39195,"TOR","RP","Tommy Hottovy","6/3/2011"
"MIL Adrian Houser","housa001",0,0,0.2826,"MIL","SP","Adrian Houser","9/26/2015"
"CLE TJ House","houst002",0,0,0.30055,"CLE","SP","TJ House","5/17/2014"
"LAD J.P. Howell","howej003",0.3076,0.2255,0.26655,"LAD","RP","J.P. Howell","6/11/2005"
"ARI Daniel Hudson","hudsd001",0.2854,0.2953,0.29035,"ARI","RP","Daniel Hudson","9/4/2009"
"SF Tim Hudson","hudst001",0.2652,0.2968,0.281,"SF","SP","Tim Hudson","6/8/1999"
"LAA David Huff","huffd001",0.3294,0,0.335,"LAA","SP","David Huff","5/17/2009"
"PIT Jared Hughes","hughj001",0.266,0,0.27755,"PIT","RP","Jared Hughes","9/7/2011"
"MIN Phil Hughes","hughp001",0.3275,0.3017,0.3146,"MIN","SP","Phil Hughes","4/26/2007"
"HOU Philip Humber","humbp001",0.2604,0.3467,0.30355,"HOU","SP","Philip Humber","9/24/2006"
"CLE Tommy Hunter","huntt002",0.2827,0.3327,0.3077,"CLE","RP","Tommy Hunter","8/1/2008"
"TOR Drew Hutchison","hutcd001",0.3073,0.3216,0.31445,"TOR","SP","Drew Hutchison","4/21/2012"
"TOR Colt Hynes","hynec001",0,0,0.4121,"TOR","RP","Colt Hynes","7/14/2013"
"LAA Edgar Ibarra","ibare001",0,0,0.29055,"LAA","RP","Edgar Ibarra","6/2/2015"
"CIN Raisel Iglesias","igler001",0,0,0.28275,"CIN","SP","Raisel Iglesias","4/12/2015"
"TEX Phil Irwin","irwip001",0,0,0.3384,"TEX","SP","Phil Irwin","4/14/2013"
"SEA Hisashi Iwakuma","iwakh001",0.2711,0.2829,0.277,"SEA","SP","Hisashi Iwakuma","4/20/2012"
"MIA Edwin Jackson","jacke001",0.2983,0.3262,0.31225,"MIA","RP","Edwin Jackson","9/9/2003"
"SD Jay Jackson","jackj001",0,0,0.47875,"SD","SP","Jay Jackson","9/14/2015"
"TEX Luke Jackson","jackl001",0,0,0.22265,"TEX","RP","Luke Jackson","9/4/2015"
"ATL Juan Jaime","jaimj001",0,0,0.322,"ATL","RP","Juan Jaime","6/20/2014"
"SD Casey Janssen","jansc001",0.2783,0.2604,0.26935,"SD","RP","Casey Janssen","4/27/2006"
"LAD Kenley Jansen","jansk001",0.1974,0.2375,0.21745,"LAD","RP","Kenley Jansen","7/24/2010"
"MIL Jeremy Jeffress","jeffj001",0,0,0.2982,"MIL","RP","Jeremy Jeffress","9/1/2010"
"TOR Chad Jenkins","jenkc001",0,0,0.30295,"TOR","RP","Chad Jenkins","8/7/2012"
"CWS Dan Jennings","jennd003",0,0,0.29615,"CWS","RP","Dan Jennings","4/30/2012"
"MIN Kevin Jepsen","jepsk001",0.2446,0.2878,0.2662,"MIN","RP","Kevin Jepsen","9/8/2008"
"MIL Cesar Jimenez","jimec002",0,0,0.25545,"MIL","RP","Cesar Jimenez","9/11/2006"
"BAL Ubaldo Jimenez","jimeu001",0.3045,0.294,0.29925,"BAL","SP","Ubaldo Jimenez","9/26/2006"
"BOS Brian Johnson","johnb004",0,0,0.14215,"BOS","SP","Brian Johnson","7/21/2015"
"SD Erik Johnson","johne003",0,0,0.32615,"SD","SP","Erik Johnson","9/4/2013"
"SD Josh Johnson","johnj009",0.2744,0.2793,0.27685,"SD","SP","Josh Johnson","9/10/2005"
"ATL Jim Johnson","johnj010",0.2902,0.2837,0.28695,"ATL","RP","Jim Johnson","7/29/2006"
"MIN Kris Johnson","johnk004",0,0,0.31985,"MIN","SP","Kris Johnson","8/18/2013"
"SEA Steve Johnson","johns001",0,0,0.30345,"SEA","RP","Steve Johnson","7/15/2012"
"MIA Eric Jokisch","jokie001",0,0,0.3111,"MIA","SP","Eric Jokisch","9/7/2014"
"CWS Nate Jones","jonen001",0,0,0.2809,"CWS","RP","Nate Jones","4/8/2012"
"WSH Taylor Jordan","jordt001",0,0,0.31025,"WSH","RP","Taylor Jordan","6/29/2013"
"MIA Donnie Joseph","josed001",0,0,0.33195,"MIA","RP","Donnie Joseph","7/11/2013"
"MIL Taylor Jungmann","jungt001",0,0,0.2857,"MIL","SP","Taylor Jungmann","6/9/2015"
"COL Jair Jurrjens","jurrj001",0.2971,0.3564,0.32675,"COL","SP","Jair Jurrjens","8/15/2007"
"CWS Tommy Kahnle","kahnt001",0,0,0.28235,"CWS","RP","Tommy Kahnle","4/3/2014"
"SEA Nathan Karns","karnn001",0,0,0.29565,"SEA","SP","Nathan Karns","5/28/2013"
"LAD Scott Kazmir","kazms001",0.3026,0.2958,0.2992,"LAD","SP","Scott Kazmir","8/23/2004"
"TEX Keone Kela","kelak001",0,0,0.2629,"TEX","RP","Keone Kela","4/7/2015"
"ATL Casey Kelly","kellc001",0,0,0.37485,"ATL","RP","Casey Kelly","8/27/2012"
"BOS Joe Kelly","kellj001",0.2976,0.3148,0.3062,"BOS","SP","Joe Kelly","6/10/2012"
"ATL Ryan Kelly","kellr001",0,0,0.3964,"ATL","RP","Ryan Kelly","6/30/2015"
"WSH Shawn Kelley","kells001",0.2778,0,0.2863,"WSH","RP","Shawn Kelley","4/10/2009"
"ATL Kyle Kendrick","kendk001",0.3128,0.3362,0.3245,"ATL","SP","Kyle Kendrick","6/13/2007"
"KC Ian Kennedy","kenni001",0.2957,0.3047,0.3002,"KC","SP","Ian Kennedy","9/1/2007"
"DET Logan Kensing","kensl001",0,0,0.2952,"DET","RP","Logan Kensing","9/10/2004"
"LAD Clayton Kershaw","kersc001",0.2363,0.2296,0.23295,"LAD","SP","Clayton Kershaw","5/25/2008"
"HOU Dallas Keuchel","keucd001",0.302,0.2544,0.2782,"HOU","SP","Dallas Keuchel","6/17/2012"
"TEX Mike Kickham","kickm001",0,0,0.41895,"TEX","SP","Mike Kickham","5/28/2013"
"BOS Craig Kimbrel","kimbc001",0.1956,0.2075,0.20155,"BOS","RP","Craig Kimbrel","5/7/2010"
"SEA Josh Kinney","kinnj001",0,0,0.30805,"SEA","RP","Josh Kinney","7/3/2006"
"MIN Brandon Kintzler","kintb001",0,0,0.2913,"MIN","RP","Brandon Kintzler","9/10/2010"
"MIL Michael Kirkman","kirkm001",0,0,0.3045,"MIL","RP","Michael Kirkman","8/21/2010"
"PHI Phil Klein","kleip001",0,0,0.33175,"PHI","RP","Phil Klein","8/1/2014"
"CLE Corey Kluber","klubc001",0.2525,0.3068,0.27965,"CLE","SP","Corey Kluber","9/1/2011"
"MIL Corey Knebel","knebc001",0,0,0.30815,"MIL","RP","Corey Knebel","5/24/2014"
"PIT Guido Knudson","knudg001",0,0,0.77145,"PIT","RP","Guido Knudson","8/22/2015"
"MIA Tom Koehler","koeht001",0.3114,0.3029,0.30715,"MIA","SP","Tom Koehler","9/5/2012"
"ATL Michael Kohn","kohnm001",0,0,0.2947,"ATL","RP","Michael Kohn","7/26/2010"
"SF George Kontos","kontg001",0.2598,0,0.2746,"SF","RP","George Kontos","9/10/2011"
"TOR Bobby Korecky","koreb001",0,0,0.36855,"TOR","RP","Bobby Korecky","4/26/2008"
"ATL Ian Krol","kroli001",0,0,0.34945,"ATL","RP","Ian Krol","6/5/2013"
"NYY Hiroki Kuroda","kuroh001",0.2629,0.299,0.28095,"NYY","SP","Hiroki Kuroda","4/4/2008"
"CHC John Lackey","lackj001",0.2899,0.3174,0.30365,"CHC","SP","John Lackey","6/24/2002"
"COL Aaron Laffey","laffa001",0.3458,0,0.3299,"COL","RP","Aaron Laffey","8/4/2007"
"PHI Bobby LaFromboise","lafrb001",0,0,0.2683,"PHI","RP","Bobby LaFromboise","4/10/2013"
"CIN John Lamb","lambj002",0,0,0.39685,"CIN","SP","John Lamb","8/14/2015"
"SD Jason Lane","lanej001",0,0,0.1366,"SD","RP","Jason Lane","5/10/2002"
"ARI Matt Langwell","langm002",0,0,0.3001,"ARI","RP","Matt Langwell","6/2/2013"
"NYM John Lannan","lannj001",0.3348,0.2891,0.31195,"NYM","RP","John Lannan","7/26/2007"
"CWS Mat Latos","latom001",0.2625,0.2891,0.2758,"CWS","SP","Mat Latos","7/19/2009"
"BOS Tom Layne","laynt001",0,0,0.277,"BOS","RP","Tom Layne","8/14/2012"
"MIA Raudel Lazo","lazor001",0,0,0.39955,"MIA","RP","Raudel Lazo","9/5/2015"
"LAD Brandon League","leagb001",0.2505,0.3064,0.27845,"LAD","RP","Brandon League","9/21/2004"
"STL Mike Leake","leakm001",0.2963,0.3206,0.30845,"STL","SP","Mike Leake","4/11/2010"
"CHC Jack Leathersich","leatj001",0,0,0.3059,"CHC","RP","Jack Leathersich","4/29/2015"
"SEA Wade LeBlanc","leblw001",0.3107,0,0.339,"SEA","SP","Wade LeBlanc","9/3/2008"
"ARI Sam LeCure","lecus001",0.303,0.2706,0.2868,"ARI","RP","Sam LeCure","5/28/2010"
"CWS Charlie Leesman","leesc001",0,0,0.4072,"CWS","SP","Charlie Leesman","8/9/2013"
"TOR Arnold Leon","leona001",0,0,0.3436,"TOR","RP","Arnold Leon","4/22/2015"
"ARI Dominic Leone","leond003",0,0,0.28565,"ARI","RP","Dominic Leone","4/6/2014"
"PHI Chris Leroux","leroc001",0,0,0.3153,"PHI","RP","Chris Leroux","5/26/2009"
"CHC Jon Lester","lestj001",0.2872,0.2798,0.2835,"CHC","SP","Jon Lester","6/10/2006"
"TEX Colby Lewis","lewic001",0.2818,0.324,0.3029,"TEX","SP","Colby Lewis","4/1/2002"
"LAD Adam Liberatore","libea001",0,0,0.2728,"LAD","RP","Adam Liberatore","4/17/2015"
"PHI Brad Lincoln","lincb001",0.3266,0,0.3215,"PHI","RP","Brad Lincoln","6/9/2010"
"LAA Tim Lincecum","linct001",0.2956,0.2879,0.29175,"LAA","SP","Tim Lincecum","5/6/2007"
"PIT Josh Lindblom","lindj004",0,0,0.3036,"PIT","SP","Josh Lindblom","6/1/2011"
"NYY Jacob Lindgren","lindj005",0,0,0.29415,"NYY","RP","Jacob Lindgren","5/25/2015"
"LAA Matt Lindstrom","lindm001",0.283,0,0.2932,"LAA","RP","Matt Lindstrom","4/4/2007"
"PIT Francisco Liriano","lirif001",0.2931,0.2433,0.2682,"PIT","SP","Francisco Liriano","9/5/2005"
"PIT Kyle Lobstein","lobsk001",0,0,0.31135,"PIT","RP","Kyle Lobstein","8/23/2014"
"PIT Jeff Locke","lockj001",0.3038,0.301,0.3024,"PIT","SP","Jeff Locke","9/10/2011"
"PHI Adam Loewen","loewa001",0,0,0.34875,"PHI","RP","Adam Loewen","5/23/2006"
"COL Boone Logan","logab001",0,0.2781,0.30895,"COL","RP","Boone Logan","4/4/2006"
"MIL Kyle Lohse","lohsk001",0.2912,0.3151,0.30315,"MIL","SP","Kyle Lohse","6/22/2001"
"SF Javier Lopez","lopej002",0,0.199,0.27025,"SF","RP","Javier Lopez","4/1/2003"
"MIL Jorge Lopez","lopej004",0,0,0.365,"MIL","SP","Jorge Lopez","9/29/2015"
"PHI Rodrigo Lopez","loper001",0.3424,0.3443,0.34335,"PHI","SP","Rodrigo Lopez","4/29/2000"
"COL Wilton Lopez","lopew001",0.2977,0,0.2937,"COL","RP","Wilton Lopez","8/28/2009"
"CIN Michael Lorenzen","lorem002",0,0,0.37015,"CIN","SP","Michael Lorenzen","4/29/2015"
"TOR Aaron Loup","loupa001",0.3072,0,0.26135,"TOR","RP","Aaron Loup","7/14/2012"
"SF Shane Loux","louxs001",0,0,0.3691,"SF","SP","Shane Loux","9/10/2002"
"DET Mark Lowe","lowem002",0,0,0.3086,"DET","RP","Mark Lowe","7/7/2006"
"PIT Cory Luebke","luebc001",0.2801,0,0.246,"PIT","RP","Cory Luebke","9/3/2010"
"TB Josh Lueke","luekj001",0,0,0.33725,"TB","RP","Josh Lueke","4/3/2011"
"LAA Lucas Luetge","luetl001",0,0,0.2943,"LAA","RP","Lucas Luetge","4/7/2012"
"COL Jordan Lyles","lylej001",0.3057,0.3409,0.3233,"COL","SP","Jordan Lyles","5/31/2011"
"STL Lance Lynn","lynnl001",0.2635,0.3309,0.2972,"STL","SP","Lance Lynn","6/2/2011"
"NYM Brandon Lyon","lyonb003",0.2863,0,0.2972,"NYM","RP","Brandon Lyon","8/4/2001"
"STL Tyler Lyons","lyont001",0,0,0.28305,"STL","RP","Tyler Lyons","5/22/2013"
"LAD Mike MacDougal","macdm001",0,0,0.32415,"LAD","RP","Mike MacDougal","9/22/2001"
"BOS Jean Machi","machj002",0,0,0.27075,"BOS","RP","Jean Machi","9/3/2012"
"OAK Ryan Madson","madsr001",0,0,0.24125,"OAK","RP","Ryan Madson","9/27/2003"
"CIN Matt Magill","magim001",0,0,0.3791,"CIN","SP","Matt Magill","4/27/2013"
"CIN Paul Maholm","mahop002",0.3259,0.2774,0.30165,"CIN","RP","Paul Maholm","8/30/2005"
"MIA Scott Maine","mains001",0,0,0.3217,"MIA","SP","Scott Maine","8/27/2010"
"MIN Matt Maloney","malom001",0,0,0.39195,"MIN","RP","Matt Maloney","6/6/2009"
"STL Seth Maness","manes001",0.2773,0,0.31055,"STL","RP","Seth Maness","5/3/2013"
"CLE Jeff Manship","mansj001",0,0,0.31365,"CLE","RP","Jeff Manship","8/15/2009"
"CLE Shaun Marcum","marcs001",0.2827,0.3018,0.29225,"CLE","SP","Shaun Marcum","9/6/2005"
"MIL Jhan Marinez","marij001",0,0,0.3396,"MIL","RP","Jhan Marinez","7/16/2010"
"PHI Michael Mariot","marim001",0,0,0.3221,"PHI","RP","Michael Mariot","4/11/2014"
"ATL Sugar Ray Marimon","maris001",0,0,0.37875,"ATL","RP","Sugar Ray Marimon","4/14/2015"
"TEX Justin Marks","markj001",0,0,0.4183,"TEX","SP","Justin Marks","4/20/2014"
"ATL Matt Marksberry","markm001",0,0,0.3316,"ATL","RP","Matt Marksberry","7/31/2015"
"BOS Carlos Marmol","marmc001",0.2781,0.2599,0.269,"BOS","SP","Carlos Marmol","6/4/2006"
"CLE Nick Maronde","maron001",0,0,0.373,"CLE","RP","Nick Maronde","9/2/2012"
"CIN Jason Marquis","marqj001",0.315,0.3616,0.3383,"CIN","SP","Jason Marquis","6/6/2000"
"CIN Brett Marshall","marsb001",0,0,0.3639,"CIN","SP","Brett Marshall","5/15/2013"
"ARI Evan Marshall","marse001",0,0,0.33,"ARI","RP","Evan Marshall","5/6/2014"
"CIN Sean Marshall","marss002",0.2675,0,0.2465,"CIN","RP","Sean Marshall","4/9/2006"
"STL Carlos Martinez","martc006",0.2568,0.3305,0.29365,"STL","SP","Carlos Martinez","5/3/2013"
"NYY Chris Martin","martc007",0,0,0.3306,"NYY","RP","Chris Martin","4/26/2014"
"SEA Cody Martin","martc008",0,0,0.38785,"SEA","RP","Cody Martin","4/7/2015"
"HOU David Martinez","martd005",0,0,0.3271,"HOU","RP","David Martinez","8/21/2013"
"PHI Ethan Martin","marte002",0,0,0.3419,"PHI","RP","Ethan Martin","8/2/2013"
"CLE Joe Martinez","martj004",0,0,0.31965,"CLE","SP","Joe Martinez","4/7/2009"
"TEX Nick Martinez","martn002",0.3356,0.3249,0.33025,"TEX","RP","Nick Martinez","4/5/2014"
"WSH Rafael Martin","martr005",0,0,0.38465,"WSH","RP","Rafael Martin","4/15/2015"
"STL Victor Marte","martv002",0,0,0.37555,"STL","RP","Victor Marte","9/6/2009"
"ATL Nick Masset","massn001",0.3021,0,0.3047,"ATL","RP","Nick Masset","6/27/2006"
"BOS Justin Masterson","mastj001",0.2621,0.328,0.29505,"BOS","SP","Justin Masterson","4/24/2008"
"SD Marcos Mateo","matem001",0,0,0.32005,"SD","RP","Marcos Mateo","8/9/2010"
"NYM Daisuke Matsuzaka","matsd001",0.2638,0.3305,0.29715,"NYM","RP","Daisuke Matsuzaka","4/5/2007"
"CIN Ryan Mattheus","mattr001",0.2748,0,0.30065,"CIN","RP","Ryan Mattheus","6/14/2011"
"ATL Brian Matusz","matub001",0.3575,0.2539,0.3057,"ATL","RP","Brian Matusz","8/4/2009"
"NYM Steven Matz","matzs001",0,0,0.2839,"NYM","SP","Steven Matz","6/28/2015"
"COL Tyler Matzek","matzt001",0,0,0.2739,"COL","SP","Tyler Matzek","6/11/2014"
"SD Brandon Maurer","maurb001",0,0,0.30965,"SD","RP","Brandon Maurer","4/4/2013"
"WSH Yuniesky Maya","mayay001",0,0,0.34535,"WSH","RP","Yuniesky Maya","9/7/2010"
"SD Cory Mazzoni","mazzc001",0,0,0.5341,"SD","RP","Cory Mazzoni","4/27/2015"
"SF Vin Mazzaro","mazzv001",0.2988,0.3331,0.31595,"SF","RP","Vin Mazzaro","6/2/2009"
"CLE Zach McAllister","mcalz001",0.3103,0.3117,0.311,"CLE","RP","Zach McAllister","7/7/2011"
"LAD Brandon McCarthy","mccab001",0.2976,0.3023,0.29995,"LAD","SP","Brandon McCarthy","5/22/2005"
"COL Mike McClendon","mcclm001",0,0,0.29335,"COL","RP","Mike McClendon","8/14/2010"
"BAL Pat McCoy","mccop001",0,0,0.3846,"BAL","RP","Pat McCoy","6/22/2014"
"TEX Daniel McCutchen","mccud001",0,0,0.34065,"TEX","SP","Daniel McCutchen","8/31/2009"
"HOU Lance McCullers","mccul002",0,0,0.2782,"HOU","SP","Lance McCullers","5/18/2015"
"CHC James McDonald","mcdoj004",0.3082,0.3128,0.3105,"CHC","SP","James McDonald","9/17/2008"
"BAL T.J. McFarland","mcfat001",0,0,0.31575,"BAL","RP","T.J. McFarland","4/6/2013"
"COL Jake McGee","mcgej001",0.2273,0,0.2439,"COL","RP","Jake McGee","9/14/2010"
"MIA Dustin McGowan","mcgod001",0,0,0.3234,"MIA","RP","Dustin McGowan","7/30/2005"
"BAL Scott McGough","mcgos001",0,0,0.47165,"BAL","RP","Scott McGough","8/20/2015"
"HOU Collin McHugh","mchuc001",0.2976,0.2872,0.2924,"HOU","SP","Collin McHugh","8/23/2012"
"ATL Andrew McKirahan","mckia001",0,0,0.36265,"ATL","RP","Andrew McKirahan","4/12/2015"
"PIT Kyle McPherson","mcphk001",0,0,0.2731,"PIT","RP","Kyle McPherson","8/20/2012"
"PIT Yoervis Medina","mediy001",0,0,0.2756,"PIT","RP","Yoervis Medina","4/16/2013"
"KC Kris Medlen","medlk001",0.2695,0.2863,0.2779,"KC","SP","Kris Medlen","5/21/2009"
"BAL Evan Meek","meeke001",0,0,0.27075,"BAL","RP","Evan Meek","4/2/2008"
"NYM Jenrry Mejia","mejij001",0,0,0.30105,"NYM","RP","Jenrry Mejia","4/7/2010"
"PIT Mark Melancon","melam001",0.2625,0.2179,0.2402,"PIT","RP","Mark Melancon","4/26/2009"
"BOS Roman Mendez","mendr002",0,0,0.27775,"BOS","RP","Roman Mendez","7/8/2014"
"DET Melvin Mercedes","mercm001",0,0,0,"DET","RP","Melvin Mercedes","8/15/2014"
"MIN Alex Meyer","meyea001",0,0,0.4695,"MIN","RP","Alex Meyer","6/26/2015"
"CIN Jose Mijares","mijaj001",0,0,0.31435,"CIN","RP","Jose Mijares","9/13/2008"
"TEX Miles Mikolas","mikom001",0,0,0.31665,"TEX","RP","Miles Mikolas","5/5/2012"
"SEA Wade Miley","milew001",0.3149,0.2796,0.29725,"SEA","SP","Wade Miley","8/20/2011"
"NYY Andrew Miller","milla002",0.2816,0,0.27725,"NYY","RP","Andrew Miller","8/30/2006"
"OAK Brad Mills","millb001",0,0,0.37445,"OAK","RP","Brad Mills","6/18/2009"
"NYY Jim Miller","millj005",0,0,0.3047,"NYY","RP","Jim Miller","9/1/2008"
"COL Justin Miller","millj006",0,0,0.2549,"COL","RP","Justin Miller","4/18/2014"
"ARI Shelby Miller","mills001",0.2582,0.3081,0.28315,"ARI","SP","Shelby Miller","9/5/2012"
"MIN Tom Milone","milot001",0.312,0.3043,0.30815,"MIN","SP","Tom Milone","9/3/2011"
"PHI Zach Miner","minez001",0,0,0.3399,"PHI","RP","Zach Miner","6/4/2006"
"KC Mike Minor","minom001",0.3047,0.3072,0.30595,"KC","SP","Mike Minor","8/9/2010"
"NYY Bryan Mitchell","mitcb001",0,0,0.32975,"NYY","RP","Bryan Mitchell","8/10/2014"
"LAD Frankie Montas","montf001",0,0,0.33055,"LAD","SP","Frankie Montas","9/2/2015"
"SEA Mike Montgomery","montm002",0,0,0.32645,"SEA","RP","Mike Montgomery","6/2/2015"
"NYM Rafael Montero","montr004",0,0,0.33735,"NYM","RP","Rafael Montero","5/14/2014"
"TB Matt Moore","moorm003",0.2999,0,0.29355,"TB","SP","Matt Moore","9/14/2011"
"TOR Franklin Morales","moraf001",0.3508,0.253,0.3019,"TOR","RP","Franklin Morales","8/18/2007"
"NYY Diego Moreno","mored001",0,0,0.24975,"NYY","RP","Diego Moreno","6/22/2015"
"PHI Adam Morgan","morga001",0,0,0.2983,"PHI","SP","Adam Morgan","6/21/2015"
"LAA Mike Morin","morim002",0,0,0.27275,"LAA","RP","Mike Morin","4/30/2014"
"ATL Akeel Morris","morra001",0,0,0.7486,"ATL","RP","Akeel Morris","6/17/2015"
"SD Brandon Morrow","morrb001",0.3043,0.2964,0.30035,"SD","SP","Brandon Morrow","4/3/2007"
"MIA Bryan Morris","morrb002",0.2756,0,0.2912,"MIA","RP","Bryan Morris","9/14/2012"
"PHI Charlie Morton","mortc002",0.2703,0.3434,0.30685,"PHI","SP","Charlie Morton","6/14/2008"
"BOS Clayton Mortensen","mortc003",0,0,0.30935,"BOS","RP","Clayton Mortensen","6/29/2009"
"CIN Jon Moscot","moscj001",0,0,0.2976,"CIN","SP","Jon Moscot","6/5/2015"
"COL Jason Motte","mottj001",0.2563,0,0.2626,"COL","RP","Jason Motte","9/3/2008"
"KC Peter Moylan","moylp001",0,0,0.35215,"KC","RP","Peter Moylan","4/12/2006"
"PHI Edward Mujica","mujie001",0.2837,0.2869,0.2853,"PHI","RP","Edward Mujica","6/21/2006"
"CLE Toru Murata","murat001",0,0,0.4459,"CLE","P","Toru Murata","6/2/2015"
"PHI Colton Murray","murrc002",0,0,0.3446,"PHI","RP","Colton Murray","9/2/2015"
"MIA Chris Narveson","narvc001",0.3262,0,0.29295,"MIA","RP","Chris Narveson","9/8/2006"
"CHC Joe Nathan","nathj001",0,0.2559,0.25245,"CHC","RP","Joe Nathan","4/21/1999"
"MIL Jimmy Nelson","nelsj004",0.2483,0.3372,0.29275,"MIL","SP","Jimmy Nelson","9/6/2013"
"PHI Hector Neris","nerih001",0,0,0.30585,"PHI","RP","Hector Neris","8/5/2014"
"DET Angel Nesbitt","nesba001",0,0,0.3043,"DET","RP","Angel Nesbitt","4/8/2015"
"HOU Pat Neshek","neshp001",0.2448,0,0.27475,"HOU","RP","Pat Neshek","7/7/2006"
"PIT Juan Nicasio","nicaj001",0.3141,0.3472,0.33065,"PIT","SP","Juan Nicasio","5/28/2011"
"MIA Justin Nicolino","nicoj001",0,0,0.3059,"MIA","SP","Justin Nicolino","6/20/2015"
"PIT Jon Niese","niesj001",0.3113,0.2935,0.3024,"PIT","SP","Jon Niese","9/2/2008"
"CWS Hector Noesi","noesh001",0.3486,0.325,0.3368,"CWS","SP","Hector Noesi","5/18/2011"
"PHI Aaron Nola","nolaa001",0,0,0.3045,"PHI","SP","Aaron Nola","7/21/2015"
"MIN Ricky Nolasco","nolar001",0.3009,0.3335,0.3172,"MIN","SP","Ricky Nolasco","4/5/2006"
"MIL Sean Nolin","nolis001",0,0,0.37385,"MIL","SP","Sean Nolin","5/24/2013"
"OAK Jordan Norberto","norbj001",0,0,0.29485,"OAK","SP","Jordan Norberto","4/6/2010"
"ATL Bud Norris","norrb001",0.2853,0.3421,0.3137,"ATL","RP","Bud Norris","7/29/2009"
"DET Daniel Norris","norrd002",0,0,0.31275,"DET","RP","Daniel Norris","9/5/2014"
"NYY Ivan Nova","novai001",0.3161,0.3167,0.3164,"NYY","SP","Ivan Nova","5/13/2010"
"TEX Leo Nunez","nunel001",0,0,0.28745,"TEX","RP","Leo Nunez","5/9/2005"
"SEA Vidal Nuno","nunov001",0.3281,0,0.2866,"SEA","RP","Vidal Nuno","4/29/2013"
"PHI Brett Oberholtzer","oberb001",0.301,0,0.3088,"PHI","RP","Brett Oberholtzer","4/21/2013"
"COL Scott Oberg","obers001",0,0,0.33615,"COL","RP","Scott Oberg","4/14/2015"
"BAL Darren O'Day","odayd001",0.219,0.2828,0.2509,"BAL","RP","Darren O'Day","3/31/2008"
"TB Jake Odorizzi","odorj001",0.3036,0.281,0.2923,"TB","SP","Jake Odorizzi","9/23/2012"
"ATL Eric O'Flaherty","oflae001",0.3022,0,0.261,"ATL","RP","Eric O'Flaherty","8/16/2006"
"ATL Alexi Ogando","ogana001",0.2811,0.28,0.28055,"ATL","RP","Alexi Ogando","6/15/2010"
"MIA Nefi Ogando","ogann001",0,0,0.3961,"MIA","RP","Nefi Ogando","9/9/2015"
"CIN Ross Ohlendorf","ohler001",0.3211,0.3425,0.3318,"CIN","RP","Ross Ohlendorf","9/11/2007"
"WSH Will Ohman","ohmaw001",0,0,0.30485,"WSH","RP","Will Ohman","9/19/2000"
"PHI Andy Oliver","oliva002",0,0,0.3652,"PHI","RP","Andy Oliver","6/25/2010"
"MIN Lester Oliveros","olivl001",0,0,0.2939,"MIN","RP","Lester Oliveros","7/1/2011"
"CHC Edgar Olmos","olmoe001",0,0,0.31645,"CHC","RP","Edgar Olmos","6/3/2013"
"KC Tyler Olson","olsot002",0,0,0.43265,"KC","RP","Tyler Olson","4/7/2015"
"CIN Logan Ondrusek","ondrl001",0.3054,0,0.30045,"CIN","RP","Logan Ondrusek","4/5/2010"
"MIN Ryan O'Rourke","orour001",0,0,0.2856,"MIN","RP","Ryan O'Rourke","7/7/2015"
"DET Jose Ortega","ortej001",0,0,0.30805,"DET","RP","Jose Ortega","6/8/2012"
"CHC Joe Ortiz","ortij004",0,0,0.3068,"CHC","RP","Joe Ortiz","3/31/2013"
"SF Josh Osich","osicj001",0,0,0.2642,"SF","RP","Josh Osich","7/3/2015"
"BOS Sean O'Sullivan","osuls001",0.33,0.3767,0.35335,"BOS","SP","Sean O'Sullivan","6/16/2009"
"TOR Roberto Osuna","osunr001",0,0,0.2421,"TOR","RP","Roberto Osuna","4/8/2015"
"CLE Dan Otero","oterd001",0,0,0.29625,"CLE","RP","Dan Otero","4/7/2012"
"COL Adam Ottavino","ottaa001",0.2614,0,0.3059,"COL","RP","Adam Ottavino","5/29/2010"
"ATL Josh Outman","outmj001",0,0,0.3042,"ATL","RP","Josh Outman","9/2/2008"
"BOS Henry Owens","owenh002",0,0,0.3301,"BOS","SP","Henry Owens","8/4/2015"
"HOU Rudy Owens","owenr001",0,0,0.39425,"HOU","SP","Rudy Owens","5/23/2014"
"SD Micah Owings","owinm001",0,0,0.323,"SD","P","Micah Owings","4/6/2007"
"SD Matt Palmer","palmm001",0,0,0.3339,"SD","SP","Matt Palmer","8/16/2008"
"WSH Jonathan Papelbon","papej001",0.236,0.248,0.242,"WSH","RP","Jonathan Papelbon","7/31/2005"
"CHC Blake Parker","parkb001",0,0,0.29115,"CHC","RP","Blake Parker","5/17/2012"
"OAK Jarrod Parker","parkj001",0.2721,0.2911,0.2816,"OAK","SP","Jarrod Parker","9/27/2011"
"DET Bobby Parnell","parnb001",0.2677,0,0.278,"DET","RP","Bobby Parnell","9/15/2008"
"CHC Manny Parra","parrm001",0.3239,0.2963,0.3101,"CHC","RP","Manny Parra","7/20/2007"
"PIT Curtis Partch","partc001",0,0,0.31995,"PIT","RP","Curtis Partch","6/9/2013"
"ARI Joe Paterson","patej001",0,0,0.34285,"ARI","RP","Joe Paterson","4/2/2011"
"LAD Red Patterson","pattr002",0,0,0.18995,"LAD","RP","Red Patterson","5/1/2014"
"CHC Spencer Patton","patts002",0,0,0.32865,"CHC","RP","Spencer Patton","9/4/2014"
"MIA Troy Patton","pattt001",0,0,0.28405,"MIA","RP","Troy Patton","8/25/2007"
"TOR David Pauley","pauld001",0,0,0.29425,"TOR","SP","David Pauley","5/31/2006"
"BOS Felipe Paulino","paulf001",0.3141,0.3277,0.3209,"BOS","SP","Felipe Paulino","9/5/2007"
"SEA James Paxton","paxtj001",0.2542,0,0.29985,"SEA","SP","James Paxton","9/7/2013"
"NYY James Pazos","pazoj001",0,0,0.2052,"NYY","RP","James Pazos","9/5/2015"
"HOU Brad Peacock","peacb001",0,0.3396,0.3189,"HOU","SP","Brad Peacock","9/6/2011"
"SF Jake Peavy","peavj001",0.2835,0.2964,0.28995,"SF","SP","Jake Peavy","6/22/2002"
"DET Mike Pelfrey","pelfm001",0.317,0.3227,0.31985,"DET","SP","Mike Pelfrey","7/8/2006"
"MIL Ariel Pena","penaa003",0,0,0.3093,"MIL","SP","Ariel Pena","9/5/2015"
"MIA Brad Penny","pennb002",0.3498,0.3382,0.344,"MIA","SP","Brad Penny","4/7/2000"
"SEA Joel Peralta","peraj002",0.2762,0.2426,0.2594,"SEA","RP","Joel Peralta","5/25/2005"
"MIL Wily Peralta","peraw001",0.281,0.334,0.3075,"MIL","SP","Wily Peralta","4/22/2012"
"MIN Luis Perdomo","perdl001",0,0,0.30645,"MIN","RP","Luis Perdomo","4/15/2009"
"MIL Chris Perez","perec002",0.2718,0.2867,0.27925,"MIL","RP","Chris Perez","5/16/2008"
"TOR Juan Perez","perej001",0,0,0.2692,"TOR","","Juan Perez","9/7/2006"
"TOR Luis Perez","perel001",0,0,0.30975,"TOR","RP","Luis Perez","4/16/2011"
"TEX Martin Perez","perem004",0.3235,0,0.2999,"TEX","SP","Martin Perez","6/27/2012"
"WSH Oliver Perez","pereo002",0.3243,0,0.30465,"WSH","RP","Oliver Perez","6/16/2002"
"CLE Rafael Perez","perer002",0,0,0.2927,"CLE","SP","Rafael Perez","4/20/2006"
"ATL Williams Perez","perew001",0,0,0.33795,"ATL","SP","Williams Perez","5/8/2015"
"MIN Glen Perkins","perkg001",0.282,0,0.27195,"MIN","RP","Glen Perkins","9/21/2006"
"WSH Ryan Perry","perrr001",0,0,0.2987,"WSH","RP","Ryan Perry","4/8/2009"
"LAA Vinnie Pestano","pestv001",0,0,0.2933,"LAA","RP","Vinnie Pestano","9/23/2010"
"WSH Yusmeiro Petit","petiy001",0.2553,0,0.2843,"WSH","RP","Yusmeiro Petit","5/14/2006"
"CWS Jake Petricka","petrj001",0,0,0.30495,"CWS","RP","Jake Petricka","8/22/2013"
"PHI Jonathan Pettibone","pettj001",0,0,0.33045,"PHI","SP","Jonathan Pettibone","4/22/2013"
"MIA David Phelps","pheld001",0.3005,0.3107,0.3056,"MIA","RP","David Phelps","4/8/2012"
"BAL Zach Phillips","philz001",0,0,0.33915,"BAL","RP","Zach Phillips","8/31/2011"
"TEX Stolmy Pimentel","pimes001",0,0,0.28985,"TEX","RP","Stolmy Pimentel","9/4/2013"
"NYY Branden Pinder","pindb001",0,0,0.35845,"NYY","RP","Branden Pinder","4/15/2015"
"NYY Michael Pineda","pinem001",0.2697,0.2772,0.27345,"NYY","SP","Michael Pineda","4/5/2011"
"KC Yohan Pino","pinoy001",0,0,0.31495,"KC","RP","Yohan Pino","6/19/2014"
"SD Drew Pomeranz","pomed001",0.3202,0,0.26395,"SD","SP","Drew Pomeranz","9/11/2011"
"BOS Rick Porcello","porcr001",0.2858,0.3351,0.31045,"BOS","SP","Rick Porcello","4/9/2009"
"TEX Aaron Poreda","porea001",0,0,0.37555,"TEX","SP","Aaron Poreda","6/12/2009"
"MIN Ryan Pressly","presr001",0,0,0.29495,"MIN","RP","Ryan Pressly","4/4/2013"
"CLE Bryan Price","pricb001",0,0,0.6365,"CLE","RP","Bryan Price","9/1/2014"
"BOS David Price","pricd001",0.2774,0.242,0.2597,"BOS","SP","David Price","9/14/2008"
"MIN Stephen Pryor","pryos001",0,0,0.28485,"MIN","RP","Stephen Pryor","6/2/2012"
"CWS David Purcey","purcd001",0,0,0.2919,"CWS","SP","David Purcey","4/18/2008"
"DET Luke Putkonen","putkl001",0,0,0.31105,"DET","RP","Luke Putkonen","4/29/2012"
"CWS Zach Putnam","putnz001",0,0,0.2797,"CWS","RP","Zach Putnam","9/13/2011"
"SD Kevin Quackenbush","quack001",0,0,0.25975,"SD","RP","Kevin Quackenbush","4/25/2014"
"COL Chad Qualls","qualc001",0.2615,0.3414,0.30145,"COL","RP","Chad Qualls","7/22/2004"
"CWS Jose Quintana","quinj001",0.2962,0.289,0.2926,"CWS","SP","Jose Quintana","5/7/2012"
"LAA Brooks Raley","raleb001",0,0,0.32625,"LAA","SP","Brooks Raley","8/7/2012"
"TB Erasmo Ramirez","ramie004",0.3074,0.2881,0.29775,"TB","RP","Erasmo Ramirez","4/9/2012"
"PIT Elvin Ramirez","ramie005",0,0,0.3742,"PIT","RP","Elvin Ramirez","6/3/2012"
"LAA J.C. Ramirez","ramij002",0,0,0.3498,"LAA","RP","J.C. Ramirez","6/23/2013"
"ATL Jose Ramirez","ramij004",0,0,0.40465,"ATL","SP","Jose Ramirez","6/4/2014"
"MIN Neil Ramirez","ramin001",0,0,0.2436,"MIN","RP","Neil Ramirez","4/25/2014"
"BOS Noe Ramirez","ramin002",0,0,0.29305,"BOS","RP","Noe Ramirez","7/3/2015"
"BAL Ramon Ramirez","ramir003",0.2509,0,0.276,"BAL","RP","Ramon Ramirez","4/14/2006"
"MIA A.J. Ramos","ramoa001",0.2322,0,0.25205,"MIA","RP","A.J. Ramos","9/4/2012"
"TEX Cesar Ramos","ramoc001",0.2948,0.2651,0.27995,"TEX","SP","Cesar Ramos","9/16/2009"
"CWS Anthony Ranaudo","ranaa001",0,0,0.3396,"CWS","SP","Anthony Ranaudo","8/1/2014"
"LAA Clay Rapada","rapac001",0,0,0.35575,"LAA","RP","Clay Rapada","6/14/2007"
"LAA Cory Rasmus","rasmc002",0,0,0.2902,"LAA","RP","Cory Rasmus","5/22/2013"
"LAA Rob Rasmussen","rasmr001",0,0,0.34485,"LAA","SP","Rob Rasmussen","5/20/2014"
"LAD Josh Ravin","ravij001",0,0,0.3486,"LAD","RP","Josh Ravin","6/2/2015"
"SD Chris Rearick","rearc001",0,0,0.63585,"SD","RP","Chris Rearick","4/12/2015"
"TOR Todd Redmond","redmt002",0,0,0.31335,"TOR","RP","Todd Redmond","8/18/2012"
"NYM Addison Reed","reeda001",0.2931,0.2722,0.28265,"NYM","RP","Addison Reed","9/4/2011"
"MIA Chris Reed","reedc001",0,0,0.33135,"MIA","RP","Chris Reed","8/1/2015"
"DET Evan Reed","reede002",0,0,0.3175,"DET","RP","Evan Reed","5/16/2013"
"NYM Ryan Reid","reidr001",0,0,0.29025,"NYM","RP","Ryan Reid","6/3/2013"
"OAK Chris Resop","resoc001",0.2916,0,0.3053,"OAK","RP","Chris Resop","6/28/2005"
"LAA Jo-Jo Reyes","reyej003",0,0,0.3495,"LAA","RP","Jo-Jo Reyes","7/7/2007"
"ARI Matt Reynolds","reynm002",0,0,0.31755,"ARI","RP","Matt Reynolds","8/19/2010"
"NYM Scott Rice","rices001",0,0,0.3276,"NYM","RP","Scott Rice","4/1/2013"
"CHC Clayton Richard","richc002",0.3353,0.2502,0.29275,"CHC","RP","Clayton Richard","7/23/2008"
"LAA Garrett Richards","richg002",0.267,0.284,0.2755,"LAA","SP","Garrett Richards","8/10/2011"
"CHC C.J. Riefenhauser","riefc001",0,0,0.3468,"CHC","RP","C.J. Riefenhauser","4/19/2014"
"MIA Andre Rienzo","riena001",0,0,0.3466,"MIA","RP","Andre Rienzo","7/30/2013"
"WSH Felipe Rivero","rivef001",0,0,0.2285,"WSH","RP","Felipe Rivero","4/17/2015"
"SEA Donn Roach","roacd001",0,0,0.34495,"SEA","SP","Donn Roach","4/2/2014"
"WSH Tanner Roark","roart001",0.2487,0.308,0.27835,"WSH","SP","Tanner Roark","8/7/2013"
"CWS David Robertson","robed002",0.2708,0.2253,0.24805,"CWS","RP","David Robertson","6/29/2008"
"PHI Ken Roberts","robek002",0,0,0.35985,"PHI","RP","Ken Roberts","5/3/2015"
"WSH Tyler Robertson","robet001",0,0,0.3155,"WSH","RP","Tyler Robertson","6/26/2012"
"NYM Hansel Robles","roblh001",0,0,0.2571,"NYM","RP","Hansel Robles","4/24/2015"
"PHI Mauricio Robles","roblm001",0,0,0.32725,"PHI","SP","Mauricio Robles","9/3/2013"
"SD Fernando Rodney","rodnf001",0.2484,0.283,0.2657,"SD","RP","Fernando Rodney","5/4/2002"
"CWS Carlos Rodon","rodoc001",0,0,0.2781,"CWS","SP","Carlos Rodon","4/21/2015"
"BOS Eduardo Rodriguez","rodre004",0,0,0.30535,"BOS","SP","Eduardo Rodriguez","5/28/2015"
"DET Francisco Rodriguez","rodrf003",0.2711,0.2617,0.2664,"DET","RP","Francisco Rodriguez","9/18/2002"
"OAK Fernando Rodriguez","rodrf004",0.2952,0,0.2833,"OAK","RP","Fernando Rodriguez","5/2/2009"
"LAA Francisco Rodriguez","rodrf005",0,0,0.3036,"LAA","RP","Francisco Rodriguez","4/15/2010"
"MIA Henry Rodriguez","rodrh002",0,0,0.2641,"MIA","RP","Henry Rodriguez","9/21/2009"
"ATL Paco Rodriguez","rodrp001",0,0,0.2305,"ATL","RP","Paco Rodriguez","9/9/2012"
"HOU Wandy Rodriguez","rodrw002",0.309,0.2866,0.2978,"HOU","SP","Wandy Rodriguez","5/23/2005"
"KC Wilking Rodriguez","rodrw003",0,0,0.19625,"KC","RP","Wilking Rodriguez","6/3/2014"
"MIN Josh Roenicke","roenj001",0.3157,0,0.3103,"MIN","RP","Josh Roenicke","9/13/2008"
"NYY Esmil Rogers","rogee002",0.3148,0.3629,0.33885,"NYY","RP","Esmil Rogers","9/12/2009"
"TEX Mark Rogers","rogem001",0,0,0.2643,"TEX","P","Mark Rogers","9/10/2010"
"SEA David Rollins","rolld002",0,0,0.3943,"SEA","RP","David Rollins","7/4/2015"
"TB Enny Romero","romee002",0,0,0.33535,"TB","RP","Enny Romero","9/22/2013"
"TOR Ricky Romero","romer002",0.2795,0.3533,0.3164,"TOR","SP","Ricky Romero","4/9/2009"
"SF Sergio Romo","romos001",0.2073,0,0.2511,"SF","RP","Sergio Romo","6/26/2008"
"DET Bruce Rondon","rondb001",0,0,0.29865,"DET","RP","Bruce Rondon","4/25/2013"
"CHC Hector Rondon","rondh001",0,0,0.25025,"CHC","RP","Hector Rondon","4/3/2013"
"PIT Jorge Rondon","rondj001",0,0,0.4313,"PIT","RP","Jorge Rondon","6/29/2014"
"SF Sandy Rosario","rosas001",0,0,0.3257,"SF","RP","Sandy Rosario","9/23/2010"
"PHI B.J. Rosenberg","roseb003",0,0,0.35235,"PHI","RP","B.J. Rosenberg","6/9/2012"
"STL Trevor Rosenthal","roset001",0.2805,0,0.2572,"STL","RP","Trevor Rosenthal","7/18/2012"
"PHI Seth Rosin","rosis001",0,0,0.45755,"PHI","RP","Seth Rosin","3/31/2014"
"WSH Joe Ross","rossj002",0,0,0.26915,"WSH","SP","Joe Ross","6/6/2015"
"BOS Robbie Ross","rossr002",0.3079,0,0.30695,"BOS","RP","Robbie Ross","4/8/2012"
"SD Tyson Ross","rosst001",0.2576,0.2995,0.27855,"SD","SP","Tyson Ross","4/7/2010"
"CHC Zac Rosscup","rossz001",0,0,0.3365,"CHC","RP","Zac Rosscup","9/3/2013"
"CLE Michael Roth","rothm001",0,0,0.32515,"CLE","SP","Michael Roth","4/13/2013"
"TOR Ben Rowen","roweb001",0,0,0.3427,"TOR","RP","Ben Rowen","6/15/2014"
"ARI Ryan Rowland-Smith","rowlr002",0,0,0.36775,"ARI","RP","Ryan Rowland-Smith","6/22/2007"
"LAA Drew Rucinski","rucid001",0,0,0.34465,"LAA","RP","Drew Rucinski","7/10/2014"
"SEA Chance Ruffin","ruffc001",0,0,0.38405,"SEA","RP","Chance Ruffin","7/25/2011"
"NYY NIck Rumbelow","rumbn001",0,0,0.30465,"NYY","RP","NIck Rumbelow","6/23/2015"
"SF Dan Runzler","runzd001",0,0,0.28475,"SF","RP","Dan Runzler","9/4/2009"
"COL Chris Rusin","rusic001",0.3659,0,0.33115,"COL","SP","Chris Rusin","8/21/2012"
"PHI James Russell","russj003",0.3244,0.2826,0.3035,"PHI","RP","James Russell","4/5/2010"
"DET Kyle Ryan","ryank002",0,0,0.33065,"DET","RP","Kyle Ryan","8/30/2014"
"OAK Marc Rzepczynski","rzepm001",0.3537,0.2366,0.29515,"OAK","RP","Marc Rzepczynski","7/7/2009"
"NYY CC Sabathia","sabac001",0.3112,0.2545,0.28285,"NYY","SP","CC Sabathia","4/8/2001"
"PIT Casey Sadler","sadlc002",0,0,0.2913,"PIT","SP","Casey Sadler","5/2/2014"
"CLE Danny Salazar","salad001",0.2956,0.2916,0.2936,"CLE","SP","Danny Salazar","7/11/2013"
"LAA Fernando Salas","salaf001",0.2685,0.2783,0.2734,"LAA","RP","Fernando Salas","5/28/2010"
"CWS Chris Sale","salec001",0.2745,0.2182,0.24635,"CWS","SP","Chris Sale","8/6/2010"
"SF Jeff Samardzija","samaj001",0.2771,0.3095,0.2933,"SF","SP","Jeff Samardzija","7/25/2008"
"CIN Keyvius Sampson","sampk001",0,0,0.3591,"CIN","RP","Keyvius Sampson","7/30/2015"
"ARI Alex Sanabia","sanaa001",0,0,0.332,"ARI","SP","Alex Sanabia","6/24/2010"
"DET Anibal Sanchez","sanca004",0.2936,0.2744,0.284,"DET","SP","Anibal Sanchez","6/25/2006"
"TOR Aaron Sanchez","sanca006",0,0,0.2529,"TOR","SP","Aaron Sanchez","7/23/2014"
"CHC Eduardo Sanchez","sance001",0,0,0.2426,"CHC","RP","Eduardo Sanchez","4/13/2011"
"CIN Jonathan Sanchez","sancj002",0.3227,0,0.3009,"CIN","SP","Jonathan Sanchez","5/28/2006"
"MIN Ervin Santana","sante001",0.2771,0.3131,0.2951,"MIN","SP","Ervin Santana","5/17/2005"
"LAA Hector Santiago","santh001",0.3092,0.2677,0.28845,"LAA","SP","Hector Santiago","7/6/2011"
"BAL Johan Santana","santj003",0.2834,0,0.29765,"BAL","SP","Johan Santana","4/3/2000"
"NYY Sergio Santos","sants001",0,0,0.28085,"NYY","RP","Sergio Santos","4/8/2010"
"BAL Joe Saunders","saunj001",0.3622,0.2483,0.30525,"BAL","SP","Joe Saunders","8/16/2005"
"CWS Joe Savery","savej001",0,0,0.2847,"CWS","RP","Joe Savery","9/20/2011"
"PIT Rob Scahill","scahr001",0,0,0.3336,"PIT","RP","Rob Scahill","9/11/2012"
"WSH Max Scherzer","schem001",0.2536,0.3007,0.27715,"WSH","SP","Max Scherzer","4/29/2008"
"TEX Tanner Scheppers","schet001",0,0,0.30845,"TEX","RP","Tanner Scheppers","6/7/2012"
"CHC Brian Schlitter","schlb001",0,0,0.3554,"CHC","RP","Brian Schlitter","6/28/2010"
"DET Daniel Schlereth","schld001",0,0,0.3125,"DET","RP","Daniel Schlereth","5/29/2009"
"ATL Gus Schlosser","schlg001",0,0,0.3428,"ATL","RP","Gus Schlosser","3/31/2014"
"PIT A.J. Schugel","schua001",0,0,0.44705,"PIT","RP","A.J. Schugel","4/12/2015"
"TOR Bo Schultz","schub001",0,0,0.28195,"TOR","RP","Bo Schultz","3/23/2014"
"NYM Chris Schwinden","schwc001",0,0,0.34895,"NYM","SP","Chris Schwinden","9/8/2011"
"SEA Evan Scribner","scrie001",0,0,0.2978,"SEA","RP","Evan Scribner","4/26/2011"
"NYY Luis Severino","sevel001",0,0,0.2969,"NYY","SP","Luis Severino","8/5/2015"
"CLE Bryan Shaw","shawb001",0.2469,0.3047,0.2758,"CLE","RP","Bryan Shaw","6/10/2011"
"KC George Sherrill","sherg001",0,0,0.3501,"KC","RP","George Sherrill","7/16/2004"
"CWS James Shields","shiej002",0.2943,0.2987,0.2965,"CWS","SP","James Shields","5/31/2006"
"LAA Matt Shoemaker","shoem001",0.2871,0.2931,0.2901,"LAA","SP","Matt Shoemaker","9/20/2013"
"NYY Chasen Shreve","shrec001",0,0,0.29925,"NYY","RP","Chasen Shreve","7/19/2014"
"STL Kevin Siegrist","siegk001",0,0,0.26595,"STL","RP","Kevin Siegrist","6/6/2013"
"ATL Shae Simmons","simms001",0,0,0.27025,"ATL","RP","Shae Simmons","5/31/2014"
"CIN Alfredo Simon","simoa001",0.2952,0.319,0.3071,"CIN","SP","Alfredo Simon","9/6/2008"
"HOU Tony Sipp","sippt001",0.283,0.2766,0.2798,"HOU","RP","Tony Sipp","4/22/2009"
"LAA Tyler Skaggs","skagt001",0.2995,0,0.29375,"LAA","SP","Tyler Skaggs","8/22/2012"
"PHI Kevin Slowey","slowk001",0.3264,0.3386,0.3325,"PHI","RP","Kevin Slowey","6/1/2007"
"TB Burch Smith","smitb005",0,0,0.37575,"TB","SP","Burch Smith","5/11/2013"
"LAA Chad Smith","smitc003",0,0,0.38615,"LAA","RP","Chad Smith","6/22/2014"
"BOS Carson Smith","smitc004",0,0,0.21415,"BOS","RP","Carson Smith","9/1/2014"
"LAA Joe Smith","smitj002",0.2343,0.2788,0.25655,"LAA","RP","Joe Smith","4/1/2007"
"CIN Josh Smith","smitj004",0,0,0.37845,"CIN","RP","Josh Smith","6/23/2015"
"MIL Will Smith","smitw002",0.3178,0,0.30515,"MIL","RP","Will Smith","5/23/2012"
"TB Drew Smyly","smyld001",0.3098,0.2197,0.26475,"TB","SP","Drew Smyly","4/12/2012"
"CWS Scott Snodgress","snods001",0,0,0.5304,"CWS","SP","Scott Snodgress","9/3/2014"
"STL Miguel Socolovich","socom001",0,0,0.2672,"STL","RP","Miguel Socolovich","7/14/2012"
"WSH Sammy Solis","solis001",0,0,0.296,"WSH","RP","Sammy Solis","4/30/2015"
"KC Joakim Soria","sorij001",0.2625,0.2547,0.2586,"KC","RP","Joakim Soria","4/4/2007"
"CHC Rafael Soriano","sorir001",0.2282,0.294,0.2611,"CHC","RP","Rafael Soriano","5/10/2002"
"CHC Giovanni Soto","sotog002",0,0,0.20755,"CHC","RP","Giovanni Soto","9/5/2015"
"NYY Josh Spence","spenj001",0,0,0.2577,"NYY","RP","Josh Spence","6/24/2011"
"BOS Zeke Spruill","spruz001",0,0,0.33695,"BOS","SP","Zeke Spruill","6/21/2013"
"WSH Craig Stammen","stamc001",0.2908,0.2995,0.29515,"WSH","RP","Craig Stammen","5/21/2009"
"LAA Daniel Stange","stand001",0,0,0.43695,"LAA","RP","Daniel Stange","4/29/2010"
"ARI Tim Stauffer","staut001",0.3006,0.2956,0.2981,"ARI","RP","Tim Stauffer","5/11/2005"
"CWS Zach Stewart","stewz001",0,0,0.38755,"CWS","SP","Zach Stewart","6/16/2011"
"PIT Josh Stinson","stinj001",0,0,0.3065,"PIT","RP","Josh Stinson","9/2/2011"
"ARI Matt Stites","stitm001",0,0,0.34455,"ARI","RP","Matt Stites","6/19/2014"
"TOR Drew Storen","stord001",0.2426,0.2743,0.25845,"TOR","RP","Drew Storen","5/17/2010"
"TOR Mickey Storey","storm001",0,0,0.27725,"TOR","RP","Mickey Storey","8/3/2012"
"CIN Dan Straily","strad003",0.2781,0.3249,0.3015,"CIN","SP","Dan Straily","8/3/2012"
"WSH Stephen Strasburg","stras001",0.2554,0.2711,0.26325,"WSH","SP","Stephen Strasburg","6/8/2010"
"LAA Huston Street","streh001",0.2544,0.2599,0.25715,"LAA","RP","Huston Street","4/6/2005"
"SF Hunter Strickland","strih001",0,0,0.22275,"SF","RP","Hunter Strickland","9/1/2014"
"TOR Marcus Stroman","strom001",0,0,0.26215,"TOR","SP","Marcus Stroman","5/4/2014"
"CHC Pedro Strop","strop001",0.2373,0.2762,0.25675,"CHC","RP","Pedro Strop","8/28/2009"
"LAD Eric Stults","stule002",0.3244,0.2582,0.2913,"LAD","SP","Eric Stults","9/5/2006"
"PHI Michael Stutes","stutm001",0,0,0.2774,"PHI","RP","Michael Stutes","4/25/2011"
"OAK Eric Surkamp","surke001",0,0,0.3515,"OAK","SP","Eric Surkamp","8/27/2011"
"NYY Anthony Swarzak","swara001",0.3088,0.3095,0.30915,"NYY","RP","Anthony Swarzak","5/23/2009"
"NYM Noah Syndergaard","syndn001",0,0,0.26435,"NYM","SP","Noah Syndergaard","5/12/2015"
"NYY Masahiro Tanaka","tanam001",0.2805,0.2749,0.2777,"NYY","SP","Masahiro Tanaka","4/4/2014"
"LAA Andrew Taylor","tayla002",0,0,0.3734,"LAA","RP","Andrew Taylor","9/27/2012"
"BOS Junichi Tazawa","tazaj001",0.279,0,0.28565,"BOS","RP","Junichi Tazawa","8/7/2009"
"TB Everett Teaford","teafe001",0,0,0.3189,"TB","RP","Everett Teaford","5/17/2011"
"ATL Julio Teheran","tehej001",0.2419,0.3344,0.28815,"ATL","SP","Julio Teheran","5/7/2011"
"LAD Nick Tepesch","tepen001",0,0.3233,0.31925,"LAD","SP","Nick Tepesch","4/9/2013"
"TOR Ryan Tepera","teper001",0,0,0.27115,"TOR","RP","Ryan Tepera","5/10/2015"
"CLE Joe Thatcher","thatj001",0,0,0.27635,"CLE","RP","Joe Thatcher","7/26/2007"
"BAL Dale Thayer","thayd001",0.261,0,0.27995,"BAL","RP","Dale Thayer","5/22/2009"
"SD Caleb Thielbar","thiec001",0,0,0.26715,"SD","RP","Caleb Thielbar","5/20/2013"
"MIN Aaron Thompson","thoma003",0,0,0.31365,"MIN","RP","Aaron Thompson","8/24/2011"
"LAD Ian Thomas","thomi001",0,0,0.2803,"LAD","RP","Ian Thomas","3/31/2014"
"NYY Justin Thomas","thomj006",0,0,0.4076,"NYY","RP","Justin Thomas","9/1/2008"
"OAK Taylor Thompson","thomt001",0,0,0.44615,"OAK","RP","Taylor Thompson","7/20/2014"
"SD Matt Thornton","thorm001",0.2852,0.2376,0.2614,"SD","RP","Matt Thornton","6/27/2004"
"MIL Tyler Thornburg","thort001",0,0,0.2829,"MIL","RP","Tyler Thornburg","6/19/2012"
"BAL Chris Tillman","tillc001",0.3096,0.3032,0.3064,"BAL","SP","Chris Tillman","7/29/2009"
"TEX Shawn Tolleson","tolls002",0,0,0.2822,"TEX","RP","Shawn Tolleson","6/7/2012"
"CLE Josh Tomlin","tomlj001",0.3221,0.3075,0.3148,"CLE","SP","Josh Tomlin","7/27/2010"
"MIN Michael Tonkin","tonkm001",0,0,0.29195,"MIN","RP","Michael Tonkin","7/11/2013"
"ATL Alex Torres","torra002",0,0,0.2617,"ATL","RP","Alex Torres","7/18/2011"
"MIL Carlos Torres","torrc001",0.3014,0.3062,0.3038,"MIL","RP","Carlos Torres","7/22/2009"
"NYY Matt Tracy","tracm001",0,0,0.3483,"NYY","RP","Matt Tracy","4/11/2015"
"WSH Blake Treinen","treib001",0,0,0.29815,"WSH","RP","Blake Treinen","4/12/2014"
"CWS Ramon Troncoso","tronr001",0,0,0.3301,"CWS","RP","Ramon Troncoso","4/1/2008"
"LAA Nick Tropeano","tropn001",0,0,0.2831,"LAA","SP","Nick Tropeano","9/10/2014"
"LAD Chin-hui Tsao","tsaoc001",0,0,0.57475,"LAD","RP","Chin-hui Tsao","7/25/2003"
"STL Sam Tuivailala","tuivs001",0,0,0.3665,"STL","RP","Sam Tuivailala","9/9/2014"
"CWS Jacob Turner","turnj002",0.3287,0.3015,0.3151,"CWS","SP","Jacob Turner","7/30/2011"
"BOS Koji Uehara","uehak001",0.2224,0.218,0.2202,"BOS","RP","Koji Uehara","4/8/2009"
"MIA Jose Urena","urenj001",0,0,0.3427,"MIA","RP","Jose Urena","4/14/2015"
"HOU Jose Valdez","valdj001",0,0,0.33175,"HOU","RP","Jose Valdez","4/17/2011"
"LAA Jose Valdez","valdj003",0,0,0.3681,"LAA","RP","Jose Valdez","7/31/2015"
"CWS Luis Valdez","valdl001",0,0,0.34265,"CWS","RP","Luis Valdez","7/12/2009"
"HOU Raul Valdes","valdr002",0,0,0.32185,"HOU","RP","Raul Valdes","4/11/2010"
"SD Jose Valverde","valvj001",0,0.2889,0.255,"SD","RP","Jose Valverde","6/1/2003"
"KC Jason Vargas","vargj001",0.3036,0.2926,0.2981,"KC","SP","Jason Vargas","7/14/2005"
"BOS Anthony Varvaro","varva001",0,0,0.2777,"BOS","RP","Anthony Varvaro","9/24/2010"
"TEX Donnie Veal","veald001",0,0,0.2976,"TEX","RP","Donnie Veal","4/7/2009"
"PHI Vincent Velasquez","velav001",0,0,0.301,"PHI","SP","Vincent Velasquez","6/10/2015"
"TOR Pat Venditte","vendp001",0,0,0.27295,"TOR","RP","Pat Venditte","6/5/2015"
"ATL Jonny Venters","ventj001",0.2639,0,0.2422,"ATL","RP","Jonny Venters","4/17/2010"
"KC Yordano Ventura","venty001",0.2895,0.2893,0.2894,"KC","SP","Yordano Ventura","9/17/2013"
"ATL Jose Veras","veraj001",0.2601,0.2865,0.2733,"ATL","RP","Jose Veras","8/5/2006"
"KC Ryan Verdugo","verdr001",0,0,0.67505,"KC","RP","Ryan Verdugo","7/17/2012"
"DET Drew VerHagen","verhd001",0,0,0.2684,"DET","RP","Drew VerHagen","7/19/2014"
"DET Justin Verlander","verlj001",0.2825,0.2624,0.27245,"DET","SP","Justin Verlander","7/4/2005"
"NYM Logan Verrett","verrl001",0,0,0.2542,"NYM","RP","Logan Verrett","4/8/2015"
"BOS Brayan Villarreal","villb002",0,0,0.30565,"BOS","RP","Brayan Villarreal","4/2/2011"
"SD Carlos Villanueva","villc001",0.2901,0.306,0.29805,"SD","RP","Carlos Villanueva","5/23/2006"
"CIN Pedro Villarreal","villp001",0,0,0.3358,"CIN","RP","Pedro Villarreal","9/5/2012"
"SEA Nick Vincent","vincn001",0,0,0.2596,"SEA","RP","Nick Vincent","6/26/2012"
"ATL Arodys Vizcaino","vizca001",0,0,0.26555,"ATL","RP","Arodys Vizcaino","8/10/2011"
"PIT Ryan Vogelsong","voger001",0.2876,0.3246,0.3061,"PIT","RP","Ryan Vogelsong","9/2/2000"
"KC Edinson Volquez","volqe001",0.2934,0.3133,0.30335,"KC","SP","Edinson Volquez","8/30/2005"
"ATL Chris Volstad","volsc001",0.3055,0.3489,0.3272,"ATL","RP","Chris Volstad","7/6/2008"
"STL Michael Wacha","wachm001",0.2964,0.2526,0.2745,"STL","SP","Michael Wacha","5/30/2013"
"CHC Tsuyoshi Wada","wadat001",0,0,0.2907,"CHC","SP","Tsuyoshi Wada","7/8/2014"
"TOR Cory Wade","wadec001",0,0,0.30905,"TOR","RP","Cory Wade","4/24/2008"
"TOR Neil Wagner","wagnn001",0,0,0.3306,"TOR","RP","Neil Wagner","8/30/2011"
"ARI Tyler Wagner","wagnt001",0,0,0.4095,"ARI","SP","Tyler Wagner","5/31/2015"
"STL Adam Wainwright","waina001",0.2566,0.2745,0.26555,"STL","SP","Adam Wainwright","9/11/2005"
"STL Jordan Walden","waldj001",0.2587,0.2409,0.2498,"STL","RP","Jordan Walden","8/22/2010"
"SEA Taijuan Walker","walkt004",0,0.2983,0.2881,"SEA","SP","Taijuan Walker","8/30/2013"
"PIT Josh Wall","wallj002",0,0,0.43835,"PIT","RP","Josh Wall","7/22/2012"
"LAD P.J. Walters","waltp001",0,0,0.34655,"LAD","SP","P.J. Walters","4/17/2009"
"KC Chien-Ming Wang","wangc001",0,0,0.35145,"KC","RP","Chien-Ming Wang","4/30/2005"
"MIL Wei-Chung Wang","wangw001",0,0,0.44145,"MIL","RP","Wei-Chung Wang","4/14/2014"
"CHC Adam Warren","warra001",0.286,0.2875,0.28675,"CHC","RP","Adam Warren","6/29/2012"
"PIT Tony Watson","watst001",0.2578,0,0.2425,"PIT","RP","Tony Watson","6/8/2011"
"LAA Jered Weaver","weavj003",0.2784,0.2683,0.27335,"LAA","SP","Jered Weaver","5/27/2006"
"CWS Daniel Webb","webbd001",0,0,0.3149,"CWS","RP","Daniel Webb","9/4/2013"
"TB Ryan Webb","webbr001",0.2651,0.3027,0.2839,"TB","RP","Ryan Webb","7/8/2009"
"ATL Ryan Weber","weber001",0,0,0.28975,"ATL","SP","Ryan Weber","9/8/2015"
"TOR Thad Weber","webet001",0,0,0.3733,"TOR","RP","Thad Weber","4/22/2012"
"PIT Allen Webster","websa001",0,0,0.3458,"PIT","RP","Allen Webster","4/21/2013"
"PIT Duke Welker","welkd001",0,0,0,"PIT","RP","Duke Welker","6/23/2013"
"OAK Andrew Werner","werna001",0,0,0.3066,"OAK","SP","Andrew Werner","8/22/2012"
"LAD Matt West","westm002",0,0,0.28805,"LAD","RP","Matt West","7/10/2014"
"CLE Dan Wheeler","wheed001",0,0,0.31675,"CLE","RP","Dan Wheeler","9/1/1999"
"NYM Zack Wheeler","wheez001",0.2584,0.3209,0.28965,"NYM","SP","Zack Wheeler","6/18/2013"
"DET Kevin Whelan","whelk001",0,0,0.5842,"DET","RP","Kevin Whelan","6/10/2011"
"HOU Alex White","whita001",0,0,0.35965,"HOU","SP","Alex White","4/30/2011"
"TB Chase Whitley","whitc001",0,0,0.3328,"TB","RP","Chase Whitley","5/15/2014"
"SEA Joe Wieland","wielj001",0,0,0.3574,"SEA","SP","Joe Wieland","4/14/2012"
"SEA Tom Wilhelmsen","wilht001",0.2224,0.2752,0.2488,"SEA","RP","Tom Wilhelmsen","4/3/2011"
"LAA Adam Wilk","wilka001",0,0,0.3844,"LAA","RP","Adam Wilk","5/26/2011"
"PHI Jerome Williams","willj003",0.3236,0.3265,0.32505,"PHI","SP","Jerome Williams","4/26/2003"
"DET Alex Wilson","wilsa001",0,0,0.27645,"DET","RP","Alex Wilson","4/11/2013"
"LAD Brian Wilson","wilsb001",0,0,0.28355,"LAD","RP","Brian Wilson","4/23/2006"
"LAA C.J. Wilson","wilsc004",0.2958,0.2413,0.26855,"LAA","SP","C.J. Wilson","6/10/2005"
"DET Justin Wilson","wilsj004",0.2514,0,0.25825,"DET","RP","Justin Wilson","8/20/2012"
"BAL Tyler Wilson","wilst004",0,0,0.323,"BAL","SP","Tyler Wilson","5/20/2015"
"ATL Daniel Winkler","winkd001",0,0,0.6517,"ATL","RP","Daniel Winkler","9/21/2015"
"ATL Matt Wisler","wislm001",0,0,0.3407,"ATL","SP","Matt Wisler","6/19/2015"
"ATL Chris Withrow","withc001",0,0,0.21885,"ATL","RP","Chris Withrow","6/12/2013"
"MIA Asher Wojciechowski","wojca001",0,0,0.3694,"MIA","SP","Asher Wojciechowski","4/9/2015"
"DET Randy Wolf","wolfr001",0.3329,0.3164,0.32465,"DET","SP","Randy Wolf","6/11/1999"
"TEX Ross Wolf","wolfr002",0,0,0.3234,"TEX","RP","Ross Wolf","8/10/2007"
"LAD Alex Wood","wooda002",0.2997,0,0.27645,"LAD","SP","Alex Wood","5/30/2013"
"CIN Blake Wood","woodb004",0,0,0.30465,"CIN","RP","Blake Wood","5/12/2010"
"CHC Travis Wood","woodt004",0.3115,0.2585,0.285,"CHC","RP","Travis Wood","7/1/2010"
"MIL Rob Wooten","wootr001",0,0,0.3095,"MIL","RP","Rob Wooten","7/26/2013"
"BOS Brandon Workman","workb001",0,0,0.3082,"BOS","SP","Brandon Workman","7/10/2013"
"BAL Vance Worley","worlv001",0.3126,0.3174,0.315,"BAL","RP","Vance Worley","7/24/2010"
"TEX Jamey Wright","wrigj001",0.2865,0.2697,0.2781,"TEX","RP","Jamey Wright","7/3/1996"
"BAL Mike Wright","wrigm001",0,0,0.364,"BAL","SP","Mike Wright","5/17/2015"
"BOS Steven Wright","wrigs001",0,0,0.287,"BOS","SP","Steven Wright","4/23/2013"
"ARI Wesley Wright","wrigw001",0,0,0.29585,"ARI","RP","Wesley Wright","3/31/2008"
"NYY Kirby Yates","yatek001",0,0,0.35255,"NYY","RP","Kirby Yates","6/7/2014"
"KC Chris Young","younc003",0.2556,0.3167,0.28615,"KC","SP","Chris Young","8/24/2004"
"NYY Mike Zagurski","zagum001",0,0,0.3538,"NYY","RP","Mike Zagurski","5/25/2007"
"MIA Carlos Zambrano","zambc001",0.288,0.3312,0.3096,"MIA","P","Carlos Zambrano","8/20/2001"
"DET Josh Zeid","zeidj001",0,0,0.347,"DET","RP","Josh Zeid","7/30/2013"
"ARI Brad Ziegler","ziegb001",0.2333,0.3074,0.27035,"ARI","RP","Brad Ziegler","5/31/2008"
"DET Jordan Zimmermann","zimmj003",0.2663,0.2942,0.28025,"DET","SP","Jordan Zimmermann","4/20/2009"
"OAK Barry Zito","zitob001",0.3341,0.3049,0.3195,"OAK","SP","Barry Zito","7/22/2000"
"SEA Tony Zych","zycht001",0,0,0.25645,"SEA","RP","Tony Zych","9/4/2015"
